/* CONFEDERACIONES CON CÓDIGOS */
INSERT INTO confederacion VALUES('CONCACAF', 'CONFEDERACIÓN CENTROAMERICANA Y DEL CARIBE DE FÚTBOL');
INSERT INTO confederacion VALUES('UEFA', 'UNIÓN EUROPEA DE FÚTBOL ASOCIADO');
INSERT INTO confederacion VALUES('CONMEBOL', 'CONFEDERACIÓN SUDAMERICANA DE FÚTBOL');
INSERT INTO confederacion VALUES('CAF', 'CONFEDERACIÓN DE FÚTBOL DE ÁFRICA');
INSERT INTO confederacion VALUES('AFC', 'CONFEDERACIÓN DE FÚTBOL DE ASIA');
INSERT INTO confederacion VALUES('OFC', 'CONFEDERACIÓN DE FÚTBOL DE OCEANÍA'); 



/*INSERSION DE LOS DATOS DE EQUIPO*/
/* GRUPO A */
INSERT INTO equipo VALUES('CIV', 'Costa de Marfil', 'A', 'CAF');
INSERT INTO equipo VALUES('ITA', 'Italia', 'A', 'UEFA');
INSERT INTO equipo VALUES('UKR', 'Ucrania', 'A', 'UEFA');
INSERT INTO equipo VALUES('CRC', 'Costa Rica', 'A', 'CONCACAF');

/* GRUPO B */
INSERT INTO equipo VALUES('CND', 'Canadá', 'B', 'CONCACAF');
INSERT INTO equipo VALUES('ALE', 'Alemania', 'B', 'UEFA');
INSERT INTO equipo VALUES('MEX', 'México', 'B', 'CONCACAF');
INSERT INTO equipo VALUES('SUD', 'Sudáfrica', 'B', 'CAF');

/* GRUPO C */
INSERT INTO equipo VALUES('BRA', 'Brasil', 'C', 'CONMEBOL');
INSERT INTO equipo VALUES('HNG', 'Hungría', 'C', 'UEFA');
INSERT INTO equipo VALUES('COL', 'Colombia', 'C', 'CONCACAF');
INSERT INTO equipo VALUES('NED', 'Países Bajos', 'C', 'UEFA');

/* GRUPO D */
INSERT INTO equipo VALUES('USA', 'Estados Unidos', 'D', 'CONCACAF');
INSERT INTO equipo VALUES('VNZ', 'Venezuela', 'D', 'CONCACAF');
INSERT INTO equipo VALUES('PAN', 'Panamá', 'D', 'CONCACAF');
INSERT INTO equipo VALUES('EGP', 'Egipto', 'D', 'CAF');

/* GRUPO E */
INSERT INTO equipo VALUES('POR', 'Portugal', 'E', 'UEFA');
INSERT INTO equipo VALUES('PAR', 'Paraguay', 'E', 'CONMEBOL');
INSERT INTO equipo VALUES('ESP', 'España', 'E', 'UEFA');
INSERT INTO equipo VALUES('PER', 'Perú', 'E', 'CONMEBOL');

/* GRUPO F */
INSERT INTO equipo VALUES('NIG', 'Nigeria', 'F', 'CAF');
INSERT INTO equipo VALUES('AUS', 'Austria', 'F', 'UEFA');
INSERT INTO equipo VALUES('SUI', 'Suiza', 'F', 'UEFA');
INSERT INTO equipo VALUES('URU', 'Uruguay', 'F', 'CONMEBOL');

/* GRUPO G */
INSERT INTO equipo VALUES('SUE', 'Suecia', 'G', 'UEFA');
INSERT INTO equipo VALUES('BEL', 'Bélgica', 'G', 'UEFA');
INSERT INTO equipo VALUES('NOR', 'Noruega', 'G', 'UEFA');
INSERT INTO equipo VALUES('FIN', 'Finlandia', 'G', 'UEFA');

/* GRUPO H */
INSERT INTO equipo VALUES('ARG', 'Argentina', 'H', 'CONMEBOL');
INSERT INTO equipo VALUES('IRL', 'Irlanda', 'H', 'UEFA');
INSERT INTO equipo VALUES('FRA', 'Francia', 'H', 'UEFA');
INSERT INTO equipo VALUES('CHI', 'Chile', 'H', 'CONMEBOL');



/*INSERCIONES DE DATOS DE LOS JUGADORES*/
/* COSTA DE MARFIL */
INSERT INTO jugador VALUES(10000, 'Mario', 'Argul', 'Acosta', TO_DATE('1983-8-2', 'YYYY-MM-DD'),1, 'PORTERO','CIV');
INSERT INTO jugador VALUES(10001, 'Trevor', 'Intoini', 'Monnet', TO_DATE('1983-3-4', 'YYYY-MM-DD'),2, 'DEFENSA','CIV');
INSERT INTO jugador VALUES(10002, 'Evan', 'San martin', 'Bello', TO_DATE('1994-8-17', 'YYYY-MM-DD'),3, 'DEFENSA','CIV');
INSERT INTO jugador VALUES(10003, 'Elroy', 'Torre', 'Etchebarne', TO_DATE('1987-5-2', 'YYYY-MM-DD'),4, 'DEFENSA','CIV');
INSERT INTO jugador VALUES(10004, 'V?ctor', 'Gutierrez', 'Santos', TO_DATE('1989-6-19', 'YYYY-MM-DD'),5, 'DEFENSA','CIV');
INSERT INTO jugador VALUES(10005, 'Julio', 'Medina', 'Pena', TO_DATE('1995-4-16', 'YYYY-MM-DD'),6, 'MEDIOCAMPISTA','CIV');
INSERT INTO jugador VALUES(10006, 'Mirt', 'Calvo', 'Britos', TO_DATE('1991-5-1', 'YYYY-MM-DD'),7, 'MEDIOCAMPISTA','CIV');
INSERT INTO jugador VALUES(10007, 'Areu', 'Rossari', 'Saibene', TO_DATE('1993-10-10', 'YYYY-MM-DD'),8, 'MEDIOCAMPISTA','CIV');
INSERT INTO jugador VALUES(10008, 'Sebasti?n', 'Arigon', 'Madera', TO_DATE('1984-3-4', 'YYYY-MM-DD'),9, 'DELANTERO','CIV');
INSERT INTO jugador VALUES(10009, 'Guim', 'Marturet', 'Moroy', TO_DATE('1996-12-28', 'YYYY-MM-DD'),10, 'DELANTERO','CIV');
INSERT INTO jugador VALUES(10010, 'Mateo', 'Acosta', 'Mangano', TO_DATE('1990-9-14', 'YYYY-MM-DD'),11, 'DELANTERO','CIV');
INSERT INTO jugador VALUES(10011, 'Sean', 'Grinschtein', 'Serra', TO_DATE('1986-1-1', 'YYYY-MM-DD'),12, 'DEFENSA','CIV');
INSERT INTO jugador VALUES(10012, 'Carlos', 'Borges', 'Aguilar', TO_DATE('1995-6-21', 'YYYY-MM-DD'),13, 'DELANTERO','CIV');
INSERT INTO jugador VALUES(10013, 'Eros', 'Esqueff', 'Lestegas', TO_DATE('1993-11-9', 'YYYY-MM-DD'),14, 'MEDIOCAMPISTA','CIV');
INSERT INTO jugador VALUES(10014, 'Sa?l', 'Penino', 'Aguero', TO_DATE('1985-12-15', 'YYYY-MM-DD'),15, 'PORTERO','CIV');
INSERT INTO jugador VALUES(10015, 'Lucas', 'Lozano', 'Colotta', TO_DATE('1987-5-12', 'YYYY-MM-DD'),16, 'DEFENSA','CIV');
INSERT INTO jugador VALUES(10016, 'Trevor', 'Astesiano', 'Chiarla', TO_DATE('1991-4-2', 'YYYY-MM-DD'),17, 'MEDIOCAMPISTA','CIV');
INSERT INTO jugador VALUES(10017, 'Eric', 'Texeira', 'Lema', TO_DATE('1988-7-25', 'YYYY-MM-DD'),18, 'DEFENSA','CIV');
INSERT INTO jugador VALUES(10018, 'Habacuc', 'Mauvezin', 'Rodriguez', TO_DATE('1996-9-5', 'YYYY-MM-DD'),19, 'MEDIOCAMPISTA','CIV');
INSERT INTO jugador VALUES(10019, 'Arturo', 'Schiavo', 'Stercken', TO_DATE('1986-8-7', 'YYYY-MM-DD'),20, 'PORTERO','CIV');
INSERT INTO jugador VALUES(10020, 'Gabriel', 'Fernandez', 'Telechea', TO_DATE('1989-4-26', 'YYYY-MM-DD'),21, 'DEFENSA','CIV');
INSERT INTO jugador VALUES(10021, 'Guido', 'Buschiazzo', 'Ruffini', TO_DATE('1990-5-6', 'YYYY-MM-DD'),22, 'MEDIOCAMPISTA','CIV');
INSERT INTO jugador VALUES(10022, 'Guido', 'Lecchini', 'Garrido', TO_DATE('1992-10-26', 'YYYY-MM-DD'),23, 'DELANTERO','CIV');


/* ITALIA */
INSERT INTO jugador VALUES(10023, 'Milos', 'Carballo', 'Falco', TO_DATE('1988-1-10', 'YYYY-MM-DD'),1, 'PORTERO','ITA');
INSERT INTO jugador VALUES(10024, 'Bastian', 'Pelletti', 'Rodriguez', TO_DATE('1990-6-23', 'YYYY-MM-DD'),2, 'DEFENSA','ITA');
INSERT INTO jugador VALUES(10025, 'Alonso', 'Anzola', 'Suarez', TO_DATE('1988-11-9', 'YYYY-MM-DD'),3, 'DEFENSA','ITA');
INSERT INTO jugador VALUES(10026, 'Sam', 'Da silva', 'Medina', TO_DATE('1992-8-1', 'YYYY-MM-DD'),4, 'DEFENSA','ITA');
INSERT INTO jugador VALUES(10027, 'Eloy', 'Barreneche', 'Perpignani', TO_DATE('1988-7-11', 'YYYY-MM-DD'),5, 'DEFENSA','ITA');
INSERT INTO jugador VALUES(10028, 'Darwin', 'Carrau', 'Brusco', TO_DATE('1993-3-15', 'YYYY-MM-DD'),6, 'MEDIOCAMPISTA','ITA');
INSERT INTO jugador VALUES(10029, 'Uriel', 'Pose', 'Peregalli', TO_DATE('1990-4-21', 'YYYY-MM-DD'),7, 'MEDIOCAMPISTA','ITA');
INSERT INTO jugador VALUES(10030, 'Eli?n', 'Hernandez', 'Perez', TO_DATE('1993-3-21', 'YYYY-MM-DD'),8, 'MEDIOCAMPISTA','ITA');
INSERT INTO jugador VALUES(10031, 'Evan', 'Gioia', 'Benavidez', TO_DATE('1996-3-13', 'YYYY-MM-DD'),9, 'DELANTERO','ITA');
INSERT INTO jugador VALUES(10032, 'Marco', 'Proserpio', 'Otero', TO_DATE('1985-10-19', 'YYYY-MM-DD'),10, 'DELANTERO','ITA');
INSERT INTO jugador VALUES(10033, 'Sean', 'Bersarian', 'Migliaro', TO_DATE('1994-2-18', 'YYYY-MM-DD'),11, 'DELANTERO','ITA');
INSERT INTO jugador VALUES(10034, 'Yordani', 'Mendoza', 'Silva', TO_DATE('1989-7-23', 'YYYY-MM-DD'),12, 'DEFENSA','ITA');
INSERT INTO jugador VALUES(10035, 'Carlos', 'Pascale', 'Galain', TO_DATE('1988-8-24', 'YYYY-MM-DD'),13, 'DELANTERO','ITA');
INSERT INTO jugador VALUES(10036, 'Brais', 'Simoncelli', 'Paolino', TO_DATE('1995-7-13', 'YYYY-MM-DD'),14, 'MEDIOCAMPISTA','ITA');
INSERT INTO jugador VALUES(10037, 'Yannick', 'Sena', 'Falco', TO_DATE('1997-3-13', 'YYYY-MM-DD'),15, 'DELANTERO','ITA');
INSERT INTO jugador VALUES(10038, 'Bastian', 'Rosa', 'Ortiz', TO_DATE('1989-1-3', 'YYYY-MM-DD'),16, 'MEDIOCAMPISTA','ITA');
INSERT INTO jugador VALUES(10039, 'Romeo', 'Hernandez', 'Bara?ano', TO_DATE('1996-4-3', 'YYYY-MM-DD'),17, 'DELANTERO','ITA');
INSERT INTO jugador VALUES(10040, 'Edgar', 'Cano', 'Oyarvide', TO_DATE('1990-1-17', 'YYYY-MM-DD'),18, 'PORTERO','ITA');
INSERT INTO jugador VALUES(10041, 'Barad', 'Rodriguez', 'Echavarria', TO_DATE('1997-9-3', 'YYYY-MM-DD'),19, 'MEDIOCAMPISTA','ITA');
INSERT INTO jugador VALUES(10042, 'Jano', 'Bonomi', 'Rojlin', TO_DATE('1986-10-5', 'YYYY-MM-DD'),20, 'MEDIOCAMPISTA','ITA');
INSERT INTO jugador VALUES(10043, 'Yordani', 'Lombardo', 'Ivanchenko', TO_DATE('1990-7-21', 'YYYY-MM-DD'),21, 'MEDIOCAMPISTA','ITA');
INSERT INTO jugador VALUES(10044, 'Noah', 'Casanova', 'Figueroa', TO_DATE('1996-8-18', 'YYYY-MM-DD'),22, 'DEFENSA','ITA');
INSERT INTO jugador VALUES(10045, 'Elroy', 'Peregalli', 'Santellano', TO_DATE('1993-1-21', 'YYYY-MM-DD'),23, 'PORTERO','ITA');

/* UCRANIA */
INSERT INTO jugador VALUES(10046, 'Brais', 'Zubiaurre', 'Rodriguez', TO_DATE('1995-10-14', 'YYYY-MM-DD'),1, 'PORTERO','UKR');
INSERT INTO jugador VALUES(10047, 'Joel', 'Obispo', 'Villoz', TO_DATE('1993-8-27', 'YYYY-MM-DD'),2, 'DEFENSA','UKR');
INSERT INTO jugador VALUES(10048, 'Sean', 'Proserpio', 'Sayago', TO_DATE('1983-1-11', 'YYYY-MM-DD'),3, 'DEFENSA','UKR');
INSERT INTO jugador VALUES(10049, 'Cristian', 'Pradere', 'Sepulveda', TO_DATE('1984-1-19', 'YYYY-MM-DD'),4, 'DEFENSA','UKR');
INSERT INTO jugador VALUES(10050, 'Thiago', 'Giuliani', 'Vazquez', TO_DATE('1984-10-26', 'YYYY-MM-DD'),5, 'DEFENSA','UKR');
INSERT INTO jugador VALUES(10051, 'Gabriel', 'Dahlquist', 'Gioia', TO_DATE('1984-7-8', 'YYYY-MM-DD'),6, 'MEDIOCAMPISTA','UKR');
INSERT INTO jugador VALUES(10052, 'Guim', 'Behrens', 'Hernandez', TO_DATE('1986-8-12', 'YYYY-MM-DD'),7, 'MEDIOCAMPISTA','UKR');
INSERT INTO jugador VALUES(10053, 'Iol', 'Repetto', 'Gutierrez', TO_DATE('1986-11-9', 'YYYY-MM-DD'),8, 'MEDIOCAMPISTA','UKR');
INSERT INTO jugador VALUES(10054, 'Diego', 'Machin', 'Vellozo', TO_DATE('1995-5-15', 'YYYY-MM-DD'),9, 'DELANTERO','UKR');
INSERT INTO jugador VALUES(10055, 'Roberto', 'Tarrago', 'Martinato', TO_DATE('1983-7-5', 'YYYY-MM-DD'),10, 'DELANTERO','UKR');
INSERT INTO jugador VALUES(10056, 'Ricardo', 'Alvarez', 'Bonsignore', TO_DATE('1987-2-10', 'YYYY-MM-DD'),11, 'DELANTERO','UKR');
INSERT INTO jugador VALUES(10057, '?ngel', 'Quiros', 'Herran', TO_DATE('1988-7-7', 'YYYY-MM-DD'),12, 'DELANTERO','UKR');
INSERT INTO jugador VALUES(10058, 'Dylan', 'Iglesisas', 'Rey', TO_DATE('1983-10-20', 'YYYY-MM-DD'),13, 'DEFENSA','UKR');
INSERT INTO jugador VALUES(10059, 'Emiliano', 'Garrido', 'Martinez', TO_DATE('1988-9-9', 'YYYY-MM-DD'),14, 'DEFENSA','UKR');
INSERT INTO jugador VALUES(10060, 'Sa?l', 'Dovat', 'Bounous', TO_DATE('1986-12-1', 'YYYY-MM-DD'),15, 'MEDIOCAMPISTA','UKR');
INSERT INTO jugador VALUES(10061, 'Diego', 'Silva', 'Chavez', TO_DATE('1989-3-2', 'YYYY-MM-DD'),16, 'DELANTERO','UKR');
INSERT INTO jugador VALUES(10062, 'Brais', 'Rocci', 'Machado', TO_DATE('1990-11-15', 'YYYY-MM-DD'),17, 'DELANTERO','UKR');
INSERT INTO jugador VALUES(10063, 'Jerald', 'Martinez', 'Calvo', TO_DATE('1995-10-7', 'YYYY-MM-DD'),18, 'DELANTERO','UKR');
INSERT INTO jugador VALUES(10064, 'Romeo', 'Del signore', 'Moreira', TO_DATE('1989-11-10', 'YYYY-MM-DD'),19, 'PORTERO','UKR');
INSERT INTO jugador VALUES(10065, 'Diego', 'Puente', 'Castillo', TO_DATE('1993-5-5', 'YYYY-MM-DD'),20, 'DEFENSA','UKR');
INSERT INTO jugador VALUES(10066, 'Andry', 'Mendez', 'Gomez', TO_DATE('1992-12-25', 'YYYY-MM-DD'),21, 'MEDIOCAMPISTA','UKR');
INSERT INTO jugador VALUES(10067, 'Romeo', 'Valerio', 'Blengio', TO_DATE('1983-6-6', 'YYYY-MM-DD'),22, 'PORTERO','UKR');
INSERT INTO jugador VALUES(10068, 'Ciro', 'Ceretta', 'Rodriguez', TO_DATE('1983-4-18', 'YYYY-MM-DD'),23, 'DELANTERO','UKR');

/* COSTA RICA */
INSERT INTO jugador VALUES(10069, 'Bastian', 'Dutruel', 'Pastorini', TO_DATE('1996-7-8', 'YYYY-MM-DD'),1, 'PORTERO','CRC');
INSERT INTO jugador VALUES(10070, 'Izan', 'Medina', 'Gomez', TO_DATE('1989-8-9', 'YYYY-MM-DD'),2, 'DEFENSA','CRC');
INSERT INTO jugador VALUES(10071, 'Yordani', 'Zubiaurre', 'Christiansen', TO_DATE('1996-7-1', 'YYYY-MM-DD'),3, 'DEFENSA','CRC');
INSERT INTO jugador VALUES(10072, 'Edgar', 'Salvide', 'Marzaroli', TO_DATE('1993-4-12', 'YYYY-MM-DD'),4, 'DEFENSA','CRC');
INSERT INTO jugador VALUES(10073, 'Alain', 'Da trindade', 'Nicolella', TO_DATE('1996-5-21', 'YYYY-MM-DD'),5, 'DEFENSA','CRC');
INSERT INTO jugador VALUES(10074, 'Mateo', 'Alvarez', 'Ogliarusso', TO_DATE('1990-10-14', 'YYYY-MM-DD'),6, 'MEDIOCAMPISTA','CRC');
INSERT INTO jugador VALUES(10075, 'Guim', 'Luzardo', 'Teske', TO_DATE('1993-10-11', 'YYYY-MM-DD'),7, 'MEDIOCAMPISTA','CRC');
INSERT INTO jugador VALUES(10076, 'Nil', 'Gonzalez', 'Silvestri', TO_DATE('1991-11-1', 'YYYY-MM-DD'),8, 'MEDIOCAMPISTA','CRC');
INSERT INTO jugador VALUES(10077, 'Guido', 'Gonzalez', 'Rodriguez', TO_DATE('1994-10-20', 'YYYY-MM-DD'),9, 'DELANTERO','CRC');
INSERT INTO jugador VALUES(10078, '?ngel', 'Rodriguez', 'Luzardo', TO_DATE('1988-7-17', 'YYYY-MM-DD'),10, 'DELANTERO','CRC');
INSERT INTO jugador VALUES(10079, 'Roberto', 'Sorondo', 'Almeida', TO_DATE('1987-8-7', 'YYYY-MM-DD'),11, 'DELANTERO','CRC');
INSERT INTO jugador VALUES(10080, 'Areu', 'Clivio', 'Diaz', TO_DATE('1997-10-1', 'YYYY-MM-DD'),12, 'DEFENSA','CRC');
INSERT INTO jugador VALUES(10081, 'Ciro', 'Silveira', 'Gamboa', TO_DATE('1991-6-5', 'YYYY-MM-DD'),13, 'DELANTERO','CRC');
INSERT INTO jugador VALUES(10082, 'Trevor', 'Gonzalez', 'Rodriguez', TO_DATE('1986-11-5', 'YYYY-MM-DD'),14, 'PORTERO','CRC');
INSERT INTO jugador VALUES(10083, 'Yannick', 'Pesce', 'Etchebarne', TO_DATE('1992-10-8', 'YYYY-MM-DD'),15, 'MEDIOCAMPISTA','CRC');
INSERT INTO jugador VALUES(10084, 'Marco', 'Olivera', 'Casanova', TO_DATE('1983-10-26', 'YYYY-MM-DD'),16, 'PORTERO','CRC');
INSERT INTO jugador VALUES(10085, 'Ezequiel', 'Bordolli', 'Beyhaut', TO_DATE('1990-10-15', 'YYYY-MM-DD'),17, 'PORTERO','CRC');
INSERT INTO jugador VALUES(10086, 'Jerald', 'Beraza', 'Cesconi', TO_DATE('1988-7-25', 'YYYY-MM-DD'),18, 'DELANTERO','CRC');
INSERT INTO jugador VALUES(10087, 'Dylan', 'Fernandez', 'Solari', TO_DATE('1994-12-19', 'YYYY-MM-DD'),19, 'MEDIOCAMPISTA','CRC');
INSERT INTO jugador VALUES(10088, 'Juan', 'Machado', 'Rivero', TO_DATE('1987-4-3', 'YYYY-MM-DD'),20, 'DEFENSA','CRC');
INSERT INTO jugador VALUES(10089, 'Mario', 'Lembo', 'Martinez', TO_DATE('1993-9-12', 'YYYY-MM-DD'),21, 'DEFENSA','CRC');
INSERT INTO jugador VALUES(10090, 'Marco', 'Ferreira', 'Pongibove', TO_DATE('1984-5-19', 'YYYY-MM-DD'),22, 'PORTERO','CRC');
INSERT INTO jugador VALUES(10091, 'Cristian', 'Argul', 'Goldschmidt', TO_DATE('1984-1-21', 'YYYY-MM-DD'),23, 'PORTERO','CRC');

/* CANADÁ */
INSERT INTO jugador VALUES(10092, 'Eli?n', 'Palermo', 'Bara?ano', TO_DATE('1987-9-10', 'YYYY-MM-DD'),1, 'PORTERO','CND');
INSERT INTO jugador VALUES(10093, 'Diego', 'Golovchenko', 'Cesar', TO_DATE('1989-4-25', 'YYYY-MM-DD'),2, 'DEFENSA','CND');
INSERT INTO jugador VALUES(10094, 'Joel', 'Lucas', 'Perez', TO_DATE('1990-7-7', 'YYYY-MM-DD'),3, 'DEFENSA','CND');
INSERT INTO jugador VALUES(10095, 'Eros', 'Olivera', 'Lopez', TO_DATE('1997-8-26', 'YYYY-MM-DD'),4, 'DEFENSA','CND');
INSERT INTO jugador VALUES(10096, 'Nil', 'Cutinella', 'De los santos', TO_DATE('1996-8-6', 'YYYY-MM-DD'),5, 'DEFENSA','CND');
INSERT INTO jugador VALUES(10097, 'Irvin', 'Crespo', 'Craviolo', TO_DATE('1993-7-15', 'YYYY-MM-DD'),6, 'MEDIOCAMPISTA','CND');
INSERT INTO jugador VALUES(10098, 'Ezequiel', 'Bersarian', 'Sposito', TO_DATE('1995-3-20', 'YYYY-MM-DD'),7, 'MEDIOCAMPISTA','CND');
INSERT INTO jugador VALUES(10099, 'Noel', 'Aboal', 'Livia', TO_DATE('1983-7-15', 'YYYY-MM-DD'),8, 'MEDIOCAMPISTA','CND');
INSERT INTO jugador VALUES(10100, 'Noel', 'Martinez', 'Machado', TO_DATE('1993-6-22', 'YYYY-MM-DD'),9, 'DELANTERO','CND');
INSERT INTO jugador VALUES(10101, 'Gabriel', 'Cancela', 'Iguini', TO_DATE('1988-4-12', 'YYYY-MM-DD'),10, 'DELANTERO','CND');
INSERT INTO jugador VALUES(10102, 'Eli?n', 'Ferreyra', 'Ungo', TO_DATE('1986-5-23', 'YYYY-MM-DD'),11, 'DELANTERO','CND');
INSERT INTO jugador VALUES(10103, 'Miguel', 'Cobelli', 'Martinez', TO_DATE('1983-6-6', 'YYYY-MM-DD'),12, 'MEDIOCAMPISTA','CND');
INSERT INTO jugador VALUES(10104, 'Andry', 'Duarte', 'Parada', TO_DATE('1987-2-28', 'YYYY-MM-DD'),13, 'DEFENSA','CND');
INSERT INTO jugador VALUES(10105, 'Yael', 'Balbuena', 'Sastre', TO_DATE('1993-11-16', 'YYYY-MM-DD'),14, 'DELANTERO','CND');
INSERT INTO jugador VALUES(10106, 'Habacuc', 'Goro', 'Rodriguez', TO_DATE('1988-11-19', 'YYYY-MM-DD'),15, 'PORTERO','CND');
INSERT INTO jugador VALUES(10107, 'Emiliano', 'Silva', 'Garcia', TO_DATE('1986-9-14', 'YYYY-MM-DD'),16, 'PORTERO','CND');
INSERT INTO jugador VALUES(10108, 'Yannick', 'Fresco', 'Gonzalez', TO_DATE('1994-8-23', 'YYYY-MM-DD'),17, 'DELANTERO','CND');
INSERT INTO jugador VALUES(10109, 'Diego', 'Balcedo', 'Alvarez', TO_DATE('1997-6-22', 'YYYY-MM-DD'),18, 'DELANTERO','CND');
INSERT INTO jugador VALUES(10110, 'Mateo', 'Miranda', 'Rodriguez', TO_DATE('1987-10-16', 'YYYY-MM-DD'),19, 'DEFENSA','CND');
INSERT INTO jugador VALUES(10111, 'Irvin', 'Peluffo', 'Pena', TO_DATE('1994-10-26', 'YYYY-MM-DD'),20, 'PORTERO','CND');
INSERT INTO jugador VALUES(10112, 'Milos', 'Caula', 'Martinez', TO_DATE('1993-2-11', 'YYYY-MM-DD'),21, 'PORTERO','CND');
INSERT INTO jugador VALUES(10113, 'Gael', 'Tapari', 'Alonso', TO_DATE('1983-6-25', 'YYYY-MM-DD'),22, 'MEDIOCAMPISTA','CND');
INSERT INTO jugador VALUES(10114, 'Acfred', 'Casullo', 'Silva', TO_DATE('1993-5-7', 'YYYY-MM-DD'),23, 'DELANTERO','CND');

/* ALEMANIA */
INSERT INTO jugador VALUES(10115, 'Ricardo', 'Perez', 'Oujo', TO_DATE('1994-8-23', 'YYYY-MM-DD'),1, 'PORTERO','ALE');
INSERT INTO jugador VALUES(10116, 'Roland', 'Navajas', 'Silva', TO_DATE('1995-6-21', 'YYYY-MM-DD'),2, 'DEFENSA','ALE');
INSERT INTO jugador VALUES(10117, 'Otto', 'Beherens', 'Ojeda', TO_DATE('1987-7-20', 'YYYY-MM-DD'),3, 'DEFENSA','ALE');
INSERT INTO jugador VALUES(10118, 'Otto', 'Valente', 'Juri', TO_DATE('1995-7-2', 'YYYY-MM-DD'),4, 'DEFENSA','ALE');
INSERT INTO jugador VALUES(10119, 'Guim', 'Varela', 'De nardo', TO_DATE('1986-10-11', 'YYYY-MM-DD'),5, 'DEFENSA','ALE');
INSERT INTO jugador VALUES(10120, 'Alain', 'Vitale', 'Nicola', TO_DATE('1983-11-3', 'YYYY-MM-DD'),6, 'MEDIOCAMPISTA','ALE');
INSERT INTO jugador VALUES(10121, 'Gabriel', 'Foliadoso', 'Fernandez', TO_DATE('1988-5-11', 'YYYY-MM-DD'),7, 'MEDIOCAMPISTA','ALE');
INSERT INTO jugador VALUES(10122, 'Guido', 'Duarte', 'Michelini', TO_DATE('1996-9-27', 'YYYY-MM-DD'),8, 'MEDIOCAMPISTA','ALE');
INSERT INTO jugador VALUES(10123, 'Omar', 'Fieguth', 'Bonilla', TO_DATE('1986-12-8', 'YYYY-MM-DD'),9, 'DELANTERO','ALE');
INSERT INTO jugador VALUES(10124, 'Aar?n', 'Coletto', 'Camp', TO_DATE('1990-8-1', 'YYYY-MM-DD'),10, 'DELANTERO','ALE');
INSERT INTO jugador VALUES(10125, 'Dylan', 'Lema', 'Gioia', TO_DATE('1996-3-16', 'YYYY-MM-DD'),11, 'DELANTERO','ALE');
INSERT INTO jugador VALUES(10126, '?ngel', 'Ferreira', 'Vazquez', TO_DATE('1985-12-17', 'YYYY-MM-DD'),12, 'DEFENSA','ALE');
INSERT INTO jugador VALUES(10127, 'Noel', 'Martinez', 'Badano', TO_DATE('1991-12-10', 'YYYY-MM-DD'),13, 'PORTERO','ALE');
INSERT INTO jugador VALUES(10128, 'Brandon', 'Cafferata', 'Montaner', TO_DATE('1996-6-2', 'YYYY-MM-DD'),14, 'MEDIOCAMPISTA','ALE');
INSERT INTO jugador VALUES(10129, 'Bastian', 'Franco', 'Gutierrez', TO_DATE('1996-10-18', 'YYYY-MM-DD'),15, 'PORTERO','ALE');
INSERT INTO jugador VALUES(10130, 'Aitor', 'Cornes', 'Ottieri', TO_DATE('1989-1-22', 'YYYY-MM-DD'),16, 'DEFENSA','ALE');
INSERT INTO jugador VALUES(10131, 'Sebasti?n', 'Areosa', 'Sucunza', TO_DATE('1991-10-13', 'YYYY-MM-DD'),17, 'MEDIOCAMPISTA','ALE');
INSERT INTO jugador VALUES(10132, 'Joel', 'Arias', 'Sastre', TO_DATE('1993-10-19', 'YYYY-MM-DD'),18, 'MEDIOCAMPISTA','ALE');
INSERT INTO jugador VALUES(10133, 'Brandon', 'Perez', 'Dini', TO_DATE('1993-6-22', 'YYYY-MM-DD'),19, 'DELANTERO','ALE');
INSERT INTO jugador VALUES(10134, 'Acfred', 'Diaz', 'Uberti', TO_DATE('1995-4-14', 'YYYY-MM-DD'),20, 'MEDIOCAMPISTA','ALE');
INSERT INTO jugador VALUES(10135, 'Kenay', 'Tusso', 'Polla', TO_DATE('1997-4-1', 'YYYY-MM-DD'),21, 'DELANTERO','ALE');
INSERT INTO jugador VALUES(10136, 'Cristian', 'Daguerre', 'Negrein', TO_DATE('1983-11-27', 'YYYY-MM-DD'),22, 'MEDIOCAMPISTA','ALE');
INSERT INTO jugador VALUES(10137, 'Iol', 'Armesto', 'Da costa', TO_DATE('1994-5-12', 'YYYY-MM-DD'),23, 'DEFENSA','ALE');

/* MÉXICO */
INSERT INTO jugador VALUES(10138, 'Omar', 'Redin', 'Fraga', TO_DATE('1986-4-22', 'YYYY-MM-DD'),1, 'PORTERO','MEX');
INSERT INTO jugador VALUES(10139, 'Jerald', 'Guaraglia', 'Puente', TO_DATE('1996-6-21', 'YYYY-MM-DD'),2, 'DEFENSA','MEX');
INSERT INTO jugador VALUES(10140, 'Diego', 'Volpi', 'Rijo', TO_DATE('1988-8-11', 'YYYY-MM-DD'),3, 'DEFENSA','MEX');
INSERT INTO jugador VALUES(10141, 'Irvin', 'Martinez', 'Sanchez', TO_DATE('1996-3-7', 'YYYY-MM-DD'),4, 'DEFENSA','MEX');
INSERT INTO jugador VALUES(10142, 'Miguel', 'Preti', 'Gette', TO_DATE('1988-4-22', 'YYYY-MM-DD'),5, 'DEFENSA','MEX');
INSERT INTO jugador VALUES(10143, 'Guido', 'Lamas', 'Bonilla', TO_DATE('1988-6-27', 'YYYY-MM-DD'),6, 'MEDIOCAMPISTA','MEX');
INSERT INTO jugador VALUES(10144, 'Mario', 'Murtagh', 'Prospero', TO_DATE('1997-1-12', 'YYYY-MM-DD'),7, 'MEDIOCAMPISTA','MEX');
INSERT INTO jugador VALUES(10145, 'Thiago', 'Di maggio', 'Farias', TO_DATE('1985-9-7', 'YYYY-MM-DD'),8, 'MEDIOCAMPISTA','MEX');
INSERT INTO jugador VALUES(10146, 'Andry', 'Feijo', 'Silva', TO_DATE('1987-2-21', 'YYYY-MM-DD'),9, 'DELANTERO','MEX');
INSERT INTO jugador VALUES(10147, 'Sa?l', 'Carve', 'Etcheverry', TO_DATE('1997-7-12', 'YYYY-MM-DD'),10, 'DELANTERO','MEX');
INSERT INTO jugador VALUES(10148, 'Yael', 'Pelufo', 'Obregon', TO_DATE('1996-2-28', 'YYYY-MM-DD'),11, 'DELANTERO','MEX');
INSERT INTO jugador VALUES(10149, 'Joel', 'Zirollo', 'Franchi', TO_DATE('1985-11-9', 'YYYY-MM-DD'),12, 'PORTERO','MEX');
INSERT INTO jugador VALUES(10150, 'Yannick', 'Jaureguizar', 'Cafferata', TO_DATE('1987-3-10', 'YYYY-MM-DD'),13, 'PORTERO','MEX');
INSERT INTO jugador VALUES(10151, 'Aar?n', 'Porro', 'Machado', TO_DATE('1993-3-25', 'YYYY-MM-DD'),14, 'MEDIOCAMPISTA','MEX');
INSERT INTO jugador VALUES(10152, 'Yannick', 'Rubilar', 'Gallo', TO_DATE('1996-6-18', 'YYYY-MM-DD'),15, 'DELANTERO','MEX');
INSERT INTO jugador VALUES(10153, 'Leonardo', 'Cuenca', 'Massons', TO_DATE('1997-12-8', 'YYYY-MM-DD'),16, 'DEFENSA','MEX');
INSERT INTO jugador VALUES(10154, 'Yordani', 'Martinez', 'Marquez', TO_DATE('1984-11-6', 'YYYY-MM-DD'),17, 'DELANTERO','MEX');
INSERT INTO jugador VALUES(10155, 'Andry', 'Chiappa', 'Calvo', TO_DATE('1987-12-23', 'YYYY-MM-DD'),18, 'MEDIOCAMPISTA','MEX');
INSERT INTO jugador VALUES(10156, 'Joel', 'Lasso', 'Rodriguez', TO_DATE('1990-9-26', 'YYYY-MM-DD'),19, 'MEDIOCAMPISTA','MEX');
INSERT INTO jugador VALUES(10157, 'Areu', 'Martinez', 'Brum', TO_DATE('1991-9-1', 'YYYY-MM-DD'),20, 'PORTERO','MEX');
INSERT INTO jugador VALUES(10158, '?zan', 'Villarreal', 'Pastorino', TO_DATE('1989-1-25', 'YYYY-MM-DD'),21, 'DEFENSA','MEX');
INSERT INTO jugador VALUES(10159, 'Guido', 'Gusta', 'Sarubbi', TO_DATE('1987-1-10', 'YYYY-MM-DD'),22, 'DEFENSA','MEX');
INSERT INTO jugador VALUES(10160, 'Fabricio', 'Gordillo', 'Fraga', TO_DATE('1990-8-25', 'YYYY-MM-DD'),23, 'DEFENSA','MEX');

/* SUDÁFRICA */
INSERT INTO jugador VALUES(10161, 'Mateo', 'Pazos', 'Medina', TO_DATE('1985-10-19', 'YYYY-MM-DD'),1, 'PORTERO','SUD');
INSERT INTO jugador VALUES(10162, 'Sebasti?n', 'Sencion', 'Nunes', TO_DATE('1995-1-22', 'YYYY-MM-DD'),2, 'DEFENSA','SUD');
INSERT INTO jugador VALUES(10163, 'Leonardo', 'Lotito', 'Sosa', TO_DATE('1983-3-7', 'YYYY-MM-DD'),3, 'DEFENSA','SUD');
INSERT INTO jugador VALUES(10164, 'Zigor', 'Prospero', 'Cabrera', TO_DATE('1984-10-19', 'YYYY-MM-DD'),4, 'DEFENSA','SUD');
INSERT INTO jugador VALUES(10165, 'Guim', 'Rusi?ol', 'Diaz', TO_DATE('1994-9-27', 'YYYY-MM-DD'),5, 'DEFENSA','SUD');
INSERT INTO jugador VALUES(10166, 'Emiliano', 'Ferrando', 'Gravier', TO_DATE('1993-7-17', 'YYYY-MM-DD'),6, 'MEDIOCAMPISTA','SUD');
INSERT INTO jugador VALUES(10167, 'Brais', 'Fernandez', 'Asole', TO_DATE('1992-12-15', 'YYYY-MM-DD'),7, 'MEDIOCAMPISTA','SUD');
INSERT INTO jugador VALUES(10168, 'Guim', 'Mendez', 'Trigo', TO_DATE('1996-12-15', 'YYYY-MM-DD'),8, 'MEDIOCAMPISTA','SUD');
INSERT INTO jugador VALUES(10169, 'Nil', 'Goyti?o', 'Chiappara', TO_DATE('1992-8-20', 'YYYY-MM-DD'),9, 'DELANTERO','SUD');
INSERT INTO jugador VALUES(10170, 'Mario', 'Rossini', 'Rodriguez', TO_DATE('1992-8-9', 'YYYY-MM-DD'),10, 'DELANTERO','SUD');
INSERT INTO jugador VALUES(10171, 'Sean', 'Ceretta', 'Bosi', TO_DATE('1983-10-20', 'YYYY-MM-DD'),11, 'DELANTERO','SUD');
INSERT INTO jugador VALUES(10172, 'Roberto', 'Puente', 'De mattos', TO_DATE('1989-6-23', 'YYYY-MM-DD'),12, 'DELANTERO','SUD');
INSERT INTO jugador VALUES(10173, 'Yannick', 'Bonasso', 'Gioia', TO_DATE('1996-11-3', 'YYYY-MM-DD'),13, 'DEFENSA','SUD');
INSERT INTO jugador VALUES(10174, 'Joel', 'Medina', 'Sarti', TO_DATE('1997-4-25', 'YYYY-MM-DD'),14, 'DEFENSA','SUD');
INSERT INTO jugador VALUES(10175, 'Irvin', 'Sonderegger', 'Martinez', TO_DATE('1997-8-14', 'YYYY-MM-DD'),15, 'DEFENSA','SUD');
INSERT INTO jugador VALUES(10176, 'Eithan', 'Carreras', 'Pellarolo', TO_DATE('1993-7-16', 'YYYY-MM-DD'),16, 'DELANTERO','SUD');
INSERT INTO jugador VALUES(10177, 'V?ctor', 'Penino', 'Alba', TO_DATE('1987-3-1', 'YYYY-MM-DD'),17, 'PORTERO','SUD');
INSERT INTO jugador VALUES(10178, 'Ezequiel', 'Rocha', 'Bizera', TO_DATE('1997-11-10', 'YYYY-MM-DD'),18, 'DEFENSA','SUD');
INSERT INTO jugador VALUES(10179, 'Otto', 'Lezama', 'Boschele', TO_DATE('1993-11-6', 'YYYY-MM-DD'),19, 'DEFENSA','SUD');
INSERT INTO jugador VALUES(10180, 'Leonardo', 'Vazquez', 'Alvarez', TO_DATE('1987-3-24', 'YYYY-MM-DD'),20, 'DEFENSA','SUD');
INSERT INTO jugador VALUES(10181, 'Dylan', 'Sposito', 'Netto', TO_DATE('1996-12-7', 'YYYY-MM-DD'),21, 'PORTERO','SUD');
INSERT INTO jugador VALUES(10182, 'Carlos', 'Aizpun', 'Amaro', TO_DATE('1993-2-10', 'YYYY-MM-DD'),22, 'PORTERO','SUD');
INSERT INTO jugador VALUES(10183, 'Carlos', 'Garcia', 'Areosa', TO_DATE('1991-2-25', 'YYYY-MM-DD'),23, 'DELANTERO','SUD');

/* BRASIL */
INSERT INTO jugador VALUES(10184, 'Guim', 'Puppo', 'Ferreiro', TO_DATE('1996-8-5', 'YYYY-MM-DD'),1, 'PORTERO','BRA');
INSERT INTO jugador VALUES(10185, 'Omar', 'Schwarz', 'Dopeso', TO_DATE('1985-5-3', 'YYYY-MM-DD'),2, 'DEFENSA','BRA');
INSERT INTO jugador VALUES(10186, 'Diego', 'Proserpio', 'Goyti?o', TO_DATE('1992-3-1', 'YYYY-MM-DD'),3, 'DEFENSA','BRA');
INSERT INTO jugador VALUES(10187, 'Uriel', 'Texeira', 'Cornes', TO_DATE('1983-9-13', 'YYYY-MM-DD'),4, 'DEFENSA','BRA');
INSERT INTO jugador VALUES(10188, 'Ariel', 'Cuculie', 'Dominguez', TO_DATE('1985-12-8', 'YYYY-MM-DD'),5, 'DEFENSA','BRA');
INSERT INTO jugador VALUES(10189, 'Evan', 'Rodriguez', 'Cabrera', TO_DATE('1992-11-6', 'YYYY-MM-DD'),6, 'MEDIOCAMPISTA','BRA');
INSERT INTO jugador VALUES(10190, 'Ciro', 'Rieiro', 'Caceres', TO_DATE('1983-10-19', 'YYYY-MM-DD'),7, 'MEDIOCAMPISTA','BRA');
INSERT INTO jugador VALUES(10191, 'Yael', 'Moyano', 'Teske', TO_DATE('1986-3-15', 'YYYY-MM-DD'),8, 'MEDIOCAMPISTA','BRA');
INSERT INTO jugador VALUES(10192, 'Yannick', 'Rodriguez', 'Rodriguez', TO_DATE('1993-11-21', 'YYYY-MM-DD'),9, 'DELANTERO','BRA');
INSERT INTO jugador VALUES(10193, 'Guim', 'Suarez', 'Da silva', TO_DATE('1991-5-16', 'YYYY-MM-DD'),10, 'DELANTERO','BRA');
INSERT INTO jugador VALUES(10194, 'Ariel', 'Gallo', 'Olivera', TO_DATE('1989-2-10', 'YYYY-MM-DD'),11, 'DELANTERO','BRA');
INSERT INTO jugador VALUES(10195, 'Izan', 'Costa', 'Sosa', TO_DATE('1994-11-18', 'YYYY-MM-DD'),12, 'DELANTERO','BRA');
INSERT INTO jugador VALUES(10196, 'Romeo', 'Rodriguez', 'Pereira', TO_DATE('1984-12-25', 'YYYY-MM-DD'),13, 'PORTERO','BRA');
INSERT INTO jugador VALUES(10197, 'Habacuc', 'Cabrera', 'Presa', TO_DATE('1992-8-8', 'YYYY-MM-DD'),14, 'PORTERO','BRA');
INSERT INTO jugador VALUES(10198, 'Acfred', 'Ameal', 'Fernandez', TO_DATE('1985-7-12', 'YYYY-MM-DD'),15, 'MEDIOCAMPISTA','BRA');
INSERT INTO jugador VALUES(10199, 'Noel', 'Del signore', 'Ramponi', TO_DATE('1995-8-28', 'YYYY-MM-DD'),16, 'DEFENSA','BRA');
INSERT INTO jugador VALUES(10200, 'Lucas', 'Muller', 'Sepulveda', TO_DATE('1995-5-25', 'YYYY-MM-DD'),17, 'MEDIOCAMPISTA','BRA');
INSERT INTO jugador VALUES(10201, 'Ezequiel', 'Ibero', 'Dibbern', TO_DATE('1991-2-1', 'YYYY-MM-DD'),18, 'DELANTERO','BRA');
INSERT INTO jugador VALUES(10202, 'Aar?n', 'Varela', 'Ponseti', TO_DATE('1986-1-25', 'YYYY-MM-DD'),19, 'PORTERO','BRA');
INSERT INTO jugador VALUES(10203, 'Sam', 'Germano', 'Moreira', TO_DATE('1997-10-5', 'YYYY-MM-DD'),20, 'PORTERO','BRA');
INSERT INTO jugador VALUES(10204, 'Ezequiel', 'Rocha', 'Bianchimano', TO_DATE('1988-8-23', 'YYYY-MM-DD'),21, 'DEFENSA','BRA');
INSERT INTO jugador VALUES(10205, 'Roland', 'Dengra', 'Reboledo', TO_DATE('1993-4-28', 'YYYY-MM-DD'),22, 'DEFENSA','BRA');
INSERT INTO jugador VALUES(10206, 'Nil', 'Rodriguez', 'Chavez', TO_DATE('1996-1-20', 'YYYY-MM-DD'),23, 'PORTERO','BRA');

/* HUNGRÍA */
INSERT INTO jugador VALUES(10207, 'Mirt', 'Hazot', 'Puente', TO_DATE('1991-1-11', 'YYYY-MM-DD'),1, 'PORTERO','HNG');
INSERT INTO jugador VALUES(10208, 'Mario', 'Fraga', 'Loureiro', TO_DATE('1997-8-15', 'YYYY-MM-DD'),2, 'DEFENSA','HNG');
INSERT INTO jugador VALUES(10209, 'Edric', 'Alonso', 'Silva', TO_DATE('1996-2-21', 'YYYY-MM-DD'),3, 'DEFENSA','HNG');
INSERT INTO jugador VALUES(10210, 'Emiliano', 'Beraza', 'Fernandez', TO_DATE('1987-6-9', 'YYYY-MM-DD'),4, 'DEFENSA','HNG');
INSERT INTO jugador VALUES(10211, 'Eithan', 'Balbuena', 'Marabotto', TO_DATE('1989-12-5', 'YYYY-MM-DD'),5, 'DEFENSA','HNG');
INSERT INTO jugador VALUES(10212, 'Sa?l', 'Gette', 'Rodriguez', TO_DATE('1986-8-19', 'YYYY-MM-DD'),6, 'MEDIOCAMPISTA','HNG');
INSERT INTO jugador VALUES(10213, 'Alain', 'Petillo', 'Argul', TO_DATE('1993-8-25', 'YYYY-MM-DD'),7, 'MEDIOCAMPISTA','HNG');
INSERT INTO jugador VALUES(10214, 'Mario', 'Cuneo', 'Diaz', TO_DATE('1990-12-26', 'YYYY-MM-DD'),8, 'MEDIOCAMPISTA','HNG');
INSERT INTO jugador VALUES(10215, 'Romeo', 'Berdi?as', 'Gusta', TO_DATE('1984-9-2', 'YYYY-MM-DD'),9, 'DELANTERO','HNG');
INSERT INTO jugador VALUES(10216, 'Ariel', 'Canale', 'Salvo', TO_DATE('1985-7-23', 'YYYY-MM-DD'),10, 'DELANTERO','HNG');
INSERT INTO jugador VALUES(10217, 'Roland', 'Cazabonnet', 'Iglesisas', TO_DATE('1989-5-13', 'YYYY-MM-DD'),11, 'DELANTERO','HNG');
INSERT INTO jugador VALUES(10218, 'Dylan', 'Vitale', 'Menendez', TO_DATE('1996-7-23', 'YYYY-MM-DD'),12, 'DEFENSA','HNG');
INSERT INTO jugador VALUES(10219, 'Tiziano', 'Lopez', 'Molinari', TO_DATE('1988-2-22', 'YYYY-MM-DD'),13, 'DELANTERO','HNG');
INSERT INTO jugador VALUES(10220, 'Mateo', 'Paez', 'Avalle', TO_DATE('1989-12-8', 'YYYY-MM-DD'),14, 'MEDIOCAMPISTA','HNG');
INSERT INTO jugador VALUES(10221, 'Ricardo', 'Risso', 'Alonzo', TO_DATE('1993-8-7', 'YYYY-MM-DD'),15, 'DELANTERO','HNG');
INSERT INTO jugador VALUES(10222, 'Santiago', 'Ponseti', 'Beloqui', TO_DATE('1988-6-2', 'YYYY-MM-DD'),16, 'MEDIOCAMPISTA','HNG');
INSERT INTO jugador VALUES(10223, 'Bruno', 'Silva', 'Raffo', TO_DATE('1985-11-1', 'YYYY-MM-DD'),17, 'DEFENSA','HNG');
INSERT INTO jugador VALUES(10224, 'Gael', 'Fiorelli', 'Rios', TO_DATE('1987-10-2', 'YYYY-MM-DD'),18, 'MEDIOCAMPISTA','HNG');
INSERT INTO jugador VALUES(10225, 'Sergio', 'Elosegui', 'Gra?a', TO_DATE('1994-6-2', 'YYYY-MM-DD'),19, 'DELANTERO','HNG');
INSERT INTO jugador VALUES(10226, 'Dylan', 'Benzano', 'Domato', TO_DATE('1994-8-14', 'YYYY-MM-DD'),20, 'PORTERO','HNG');
INSERT INTO jugador VALUES(10227, 'Ian', 'Bonilla', 'Pais', TO_DATE('1995-1-15', 'YYYY-MM-DD'),21, 'MEDIOCAMPISTA','HNG');
INSERT INTO jugador VALUES(10228, 'Noel', 'Sorin', 'Franco', TO_DATE('1990-6-3', 'YYYY-MM-DD'),22, 'PORTERO','HNG');
INSERT INTO jugador VALUES(10229, 'Eric', 'Alvarez', 'Isasa', TO_DATE('1991-8-21', 'YYYY-MM-DD'),23, 'PORTERO','HNG');

/* COLOMBIA */
INSERT INTO jugador VALUES(10230, 'Alonso', 'Correa', 'Arebalo', TO_DATE('1985-7-7', 'YYYY-MM-DD'),1, 'PORTERO','COL');
INSERT INTO jugador VALUES(10231, 'Bruno', 'Costa', 'Manrique', TO_DATE('1988-1-26', 'YYYY-MM-DD'),2, 'DEFENSA','COL');
INSERT INTO jugador VALUES(10232, 'Barad', 'Ortigueira', 'Berger', TO_DATE('1988-12-23', 'YYYY-MM-DD'),3, 'DEFENSA','COL');
INSERT INTO jugador VALUES(10233, 'Arturo', 'Perez', 'Barreto', TO_DATE('1996-9-16', 'YYYY-MM-DD'),4, 'DEFENSA','COL');
INSERT INTO jugador VALUES(10234, 'Milos', 'Panzardo', 'Lopez', TO_DATE('1993-10-23', 'YYYY-MM-DD'),5, 'DEFENSA','COL');
INSERT INTO jugador VALUES(10235, 'Evan', 'Garda', 'Dahlquist', TO_DATE('1992-5-9', 'YYYY-MM-DD'),6, 'MEDIOCAMPISTA','COL');
INSERT INTO jugador VALUES(10236, 'Fabricio', 'Menditeguy', 'Acosta', TO_DATE('1997-4-9', 'YYYY-MM-DD'),7, 'MEDIOCAMPISTA','COL');
INSERT INTO jugador VALUES(10237, 'Mateo', 'Manrique', 'Dahlquist', TO_DATE('1990-12-19', 'YYYY-MM-DD'),8, 'MEDIOCAMPISTA','COL');
INSERT INTO jugador VALUES(10238, 'Alonso', 'Puppo', 'Stercken', TO_DATE('1993-12-28', 'YYYY-MM-DD'),9, 'DELANTERO','COL');
INSERT INTO jugador VALUES(10239, 'Thiago', 'Bachini', 'Estrade', TO_DATE('1985-6-6', 'YYYY-MM-DD'),10, 'DELANTERO','COL');
INSERT INTO jugador VALUES(10240, 'Eithan', 'Etcheverry', 'Pereira', TO_DATE('1985-1-2', 'YYYY-MM-DD'),11, 'DELANTERO','COL');
INSERT INTO jugador VALUES(10241, 'Nil', 'Borche', 'Gonzalez', TO_DATE('1989-4-26', 'YYYY-MM-DD'),12, 'DELANTERO','COL');
INSERT INTO jugador VALUES(10242, 'Eli?n', 'Gonzalez', 'Irigoyen', TO_DATE('1996-10-7', 'YYYY-MM-DD'),13, 'MEDIOCAMPISTA','COL');
INSERT INTO jugador VALUES(10243, 'Fabricio', 'Alvarez', 'Rosales', TO_DATE('1991-2-12', 'YYYY-MM-DD'),14, 'PORTERO','COL');
INSERT INTO jugador VALUES(10244, 'Aitor', 'Armada', 'Spinelli', TO_DATE('1983-12-28', 'YYYY-MM-DD'),15, 'PORTERO','COL');
INSERT INTO jugador VALUES(10245, 'Guido', 'Astraldi', 'Rodriguez', TO_DATE('1994-9-14', 'YYYY-MM-DD'),16, 'MEDIOCAMPISTA','COL');
INSERT INTO jugador VALUES(10246, 'Nil', 'Iglesisas', 'Cutinella', TO_DATE('1987-1-1', 'YYYY-MM-DD'),17, 'DELANTERO','COL');
INSERT INTO jugador VALUES(10247, 'Jano', 'Gomez', 'Mosquera', TO_DATE('1994-6-20', 'YYYY-MM-DD'),18, 'MEDIOCAMPISTA','COL');
INSERT INTO jugador VALUES(10248, '?ngel', 'Rivera', 'Cancela', TO_DATE('1989-3-12', 'YYYY-MM-DD'),19, 'DELANTERO','COL');
INSERT INTO jugador VALUES(10249, 'Ariel', 'Santos', 'Martinez', TO_DATE('1993-6-14', 'YYYY-MM-DD'),20, 'PORTERO','COL');
INSERT INTO jugador VALUES(10250, 'Miguel', 'Buscasso', 'Tapia', TO_DATE('1988-3-23', 'YYYY-MM-DD'),21, 'DELANTERO','COL');
INSERT INTO jugador VALUES(10251, 'Julio', 'Ferreyra', 'Hernandez', TO_DATE('1987-4-10', 'YYYY-MM-DD'),22, 'PORTERO','COL');
INSERT INTO jugador VALUES(10252, 'Evan', 'Costa', 'Desteffani', TO_DATE('1983-7-25', 'YYYY-MM-DD'),23, 'MEDIOCAMPISTA','COL');

/* PAÍSES BAJOS */
INSERT INTO jugador VALUES(10253, 'Guido', 'Martin', 'Fieguth', TO_DATE('1983-9-1', 'YYYY-MM-DD'),1, 'PORTERO','NED');
INSERT INTO jugador VALUES(10254, 'Thiago', 'Fernandez', 'Carrasco', TO_DATE('1984-8-13', 'YYYY-MM-DD'),2, 'DEFENSA','NED');
INSERT INTO jugador VALUES(10255, 'Izan', 'Balbi', 'Da silva', TO_DATE('1995-1-10', 'YYYY-MM-DD'),3, 'DEFENSA','NED');
INSERT INTO jugador VALUES(10256, 'Ariel', 'Dengra', 'Vita', TO_DATE('1986-2-8', 'YYYY-MM-DD'),4, 'DEFENSA','NED');
INSERT INTO jugador VALUES(10257, 'Aitor', 'Sandin', 'Alvarez', TO_DATE('1991-1-23', 'YYYY-MM-DD'),5, 'DEFENSA','NED');
INSERT INTO jugador VALUES(10258, 'Marco', 'Rodales', 'Pioli', TO_DATE('1996-1-21', 'YYYY-MM-DD'),6, 'MEDIOCAMPISTA','NED');
INSERT INTO jugador VALUES(10259, 'Habacuc', 'Frioni', 'Campo', TO_DATE('1989-11-18', 'YYYY-MM-DD'),7, 'MEDIOCAMPISTA','NED');
INSERT INTO jugador VALUES(10260, 'Roland', 'Rodriguez', 'Legnani', TO_DATE('1990-9-24', 'YYYY-MM-DD'),8, 'MEDIOCAMPISTA','NED');
INSERT INTO jugador VALUES(10261, 'Acfred', 'Olivera', 'Vidal', TO_DATE('1989-1-11', 'YYYY-MM-DD'),9, 'DELANTERO','NED');
INSERT INTO jugador VALUES(10262, 'Barad', 'Arregui', 'Pastorini', TO_DATE('1989-3-12', 'YYYY-MM-DD'),10, 'DELANTERO','NED');
INSERT INTO jugador VALUES(10263, 'Eithan', 'Rodriguez', 'Pacheco', TO_DATE('1987-11-26', 'YYYY-MM-DD'),11, 'DELANTERO','NED');
INSERT INTO jugador VALUES(10264, 'Iol', 'Martinez', 'Lucia', TO_DATE('1997-5-27', 'YYYY-MM-DD'),12, 'PORTERO','NED');
INSERT INTO jugador VALUES(10265, 'Roland', 'Martinez', 'Dini', TO_DATE('1987-9-9', 'YYYY-MM-DD'),13, 'DELANTERO','NED');
INSERT INTO jugador VALUES(10266, 'Habacuc', 'Martinez', 'Bilinski', TO_DATE('1997-2-15', 'YYYY-MM-DD'),14, 'MEDIOCAMPISTA','NED');
INSERT INTO jugador VALUES(10267, 'Habacuc', 'Martinez', 'Tomas', TO_DATE('1988-2-11', 'YYYY-MM-DD'),15, 'PORTERO','NED');
INSERT INTO jugador VALUES(10268, 'Eros', 'Benitez', 'Garmendia', TO_DATE('1985-5-1', 'YYYY-MM-DD'),16, 'DELANTERO','NED');
INSERT INTO jugador VALUES(10269, 'Otto', 'Valente', 'Perpignani', TO_DATE('1986-1-27', 'YYYY-MM-DD'),17, 'DEFENSA','NED');
INSERT INTO jugador VALUES(10270, 'Noel', 'Caula', 'Duhalde', TO_DATE('1993-3-3', 'YYYY-MM-DD'),18, 'PORTERO','NED');
INSERT INTO jugador VALUES(10271, 'Alonso', 'Escursell', 'Irigoyen', TO_DATE('1995-10-14', 'YYYY-MM-DD'),19, 'DEFENSA','NED');
INSERT INTO jugador VALUES(10272, 'Eli?n', 'Pardi?as', 'Gomez', TO_DATE('1994-8-12', 'YYYY-MM-DD'),20, 'MEDIOCAMPISTA','NED');
INSERT INTO jugador VALUES(10273, 'Noel', 'Duchini', 'Argento', TO_DATE('1997-1-2', 'YYYY-MM-DD'),21, 'DEFENSA','NED');
INSERT INTO jugador VALUES(10274, 'Barad', 'Ramos', 'Lutar', TO_DATE('1987-3-23', 'YYYY-MM-DD'),22, 'DELANTERO','NED');
INSERT INTO jugador VALUES(10275, 'Mirt', 'Castro', 'Intoini', TO_DATE('1987-7-13', 'YYYY-MM-DD'),23, 'DEFENSA','NED');

/* ESTADOS UNIDOS */
INSERT INTO jugador VALUES(10276, 'Enzo', 'Vazquez', 'Mendaro', TO_DATE('1985-10-23', 'YYYY-MM-DD'),1, 'PORTERO','USA');
INSERT INTO jugador VALUES(10277, 'Carlos', 'Lorenzo', 'Larrosa', TO_DATE('1989-4-4', 'YYYY-MM-DD'),2, 'DEFENSA','USA');
INSERT INTO jugador VALUES(10278, 'Otto', 'Leoncini', 'Escayola', TO_DATE('1989-10-24', 'YYYY-MM-DD'),3, 'DEFENSA','USA');
INSERT INTO jugador VALUES(10279, 'Bastian', 'Turnes', 'Garcia', TO_DATE('1992-2-10', 'YYYY-MM-DD'),4, 'DEFENSA','USA');
INSERT INTO jugador VALUES(10280, 'Leo', 'Da trindade', 'Roqueta', TO_DATE('1986-7-24', 'YYYY-MM-DD'),5, 'DEFENSA','USA');
INSERT INTO jugador VALUES(10281, 'Bastian', 'Suarez', 'Martinez', TO_DATE('1995-1-19', 'YYYY-MM-DD'),6, 'MEDIOCAMPISTA','USA');
INSERT INTO jugador VALUES(10282, 'Emiliano', 'Rodriguez', 'Martinez', TO_DATE('1997-4-17', 'YYYY-MM-DD'),7, 'MEDIOCAMPISTA','USA');
INSERT INTO jugador VALUES(10283, 'Noel', 'Gonzalez', 'Silva', TO_DATE('1986-1-7', 'YYYY-MM-DD'),8, 'MEDIOCAMPISTA','USA');
INSERT INTO jugador VALUES(10284, 'Acfred', 'Souto', 'Santa cruz', TO_DATE('1994-11-5', 'YYYY-MM-DD'),9, 'DELANTERO','USA');
INSERT INTO jugador VALUES(10285, 'Ezequiel', 'Zunino', 'Fernandez', TO_DATE('1988-10-7', 'YYYY-MM-DD'),10, 'DELANTERO','USA');
INSERT INTO jugador VALUES(10286, 'Tiziano', 'Martinez', 'Deaces', TO_DATE('1992-5-14', 'YYYY-MM-DD'),11, 'DELANTERO','USA');
INSERT INTO jugador VALUES(10287, 'Alonso', 'Alonso', 'Diaz', TO_DATE('1990-9-12', 'YYYY-MM-DD'),12, 'MEDIOCAMPISTA','USA');
INSERT INTO jugador VALUES(10288, 'Eli?n', 'Arancet', 'Astraldi', TO_DATE('1991-2-19', 'YYYY-MM-DD'),13, 'PORTERO','USA');
INSERT INTO jugador VALUES(10289, 'Gael', 'Mendizabal', 'Moreira', TO_DATE('1993-3-20', 'YYYY-MM-DD'),14, 'PORTERO','USA');
INSERT INTO jugador VALUES(10290, 'Julio', 'Rios', 'Bounous', TO_DATE('1989-7-11', 'YYYY-MM-DD'),15, 'DELANTERO','USA');
INSERT INTO jugador VALUES(10291, 'Edgar', 'Nu?ez', 'Laureiro', TO_DATE('1986-11-17', 'YYYY-MM-DD'),16, 'DEFENSA','USA');
INSERT INTO jugador VALUES(10292, 'Edgar', 'Aunes', 'Rostagnol', TO_DATE('1993-9-15', 'YYYY-MM-DD'),17, 'DEFENSA','USA');
INSERT INTO jugador VALUES(10293, '?ngel', 'Morin', 'Vellozo', TO_DATE('1992-11-28', 'YYYY-MM-DD'),18, 'DEFENSA','USA');
INSERT INTO jugador VALUES(10294, 'Fabricio', 'De herrera', 'Sosa', TO_DATE('1985-10-5', 'YYYY-MM-DD'),19, 'MEDIOCAMPISTA','USA');
INSERT INTO jugador VALUES(10295, 'Noah', 'Agorio', 'De leon', TO_DATE('1990-5-1', 'YYYY-MM-DD'),20, 'MEDIOCAMPISTA','USA');
INSERT INTO jugador VALUES(10296, 'Leo', 'Blanc', 'Vila', TO_DATE('1984-10-18', 'YYYY-MM-DD'),21, 'DEFENSA','USA');
INSERT INTO jugador VALUES(10297, 'Yordani', 'Cambom', 'Ferreiro', TO_DATE('1995-1-24', 'YYYY-MM-DD'),22, 'DEFENSA','USA');
INSERT INTO jugador VALUES(10298, 'Gabriel', 'Nicolella', 'Presa', TO_DATE('1991-7-6', 'YYYY-MM-DD'),23, 'DELANTERO','USA');

/* VENEZUELA */
INSERT INTO jugador VALUES(10299, 'Noel', 'Dutra', 'Recuero', TO_DATE('1992-2-9', 'YYYY-MM-DD'),1, 'PORTERO','VNZ');
INSERT INTO jugador VALUES(10300, 'Leonardo', 'Martinez', 'Taube', TO_DATE('1985-10-19', 'YYYY-MM-DD'),2, 'DEFENSA','VNZ');
INSERT INTO jugador VALUES(10301, 'Enzo', 'Rosa', 'Bellomusto', TO_DATE('1984-6-17', 'YYYY-MM-DD'),3, 'DEFENSA','VNZ');
INSERT INTO jugador VALUES(10302, 'Roland', 'Bizera', 'Martin', TO_DATE('1983-10-12', 'YYYY-MM-DD'),4, 'DEFENSA','VNZ');
INSERT INTO jugador VALUES(10303, 'Darwin', 'Somogyi', 'Troise', TO_DATE('1984-4-7', 'YYYY-MM-DD'),5, 'DEFENSA','VNZ');
INSERT INTO jugador VALUES(10304, 'Arturo', 'Estefan', 'Andriolo', TO_DATE('1989-2-19', 'YYYY-MM-DD'),6, 'MEDIOCAMPISTA','VNZ');
INSERT INTO jugador VALUES(10305, 'Barad', 'Sayas', 'Crosa', TO_DATE('1987-7-16', 'YYYY-MM-DD'),7, 'MEDIOCAMPISTA','VNZ');
INSERT INTO jugador VALUES(10306, 'Romeo', 'Preti', 'Salvide', TO_DATE('1993-12-21', 'YYYY-MM-DD'),8, 'MEDIOCAMPISTA','VNZ');
INSERT INTO jugador VALUES(10307, 'Habacuc', 'Franca', 'Berger', TO_DATE('1983-3-5', 'YYYY-MM-DD'),9, 'DELANTERO','VNZ');
INSERT INTO jugador VALUES(10308, 'Jerald', 'De nicola', 'Ramos', TO_DATE('1992-8-9', 'YYYY-MM-DD'),10, 'DELANTERO','VNZ');
INSERT INTO jugador VALUES(10309, 'Edgar', 'Dahlquist', 'Romano', TO_DATE('1989-4-18', 'YYYY-MM-DD'),11, 'DELANTERO','VNZ');
INSERT INTO jugador VALUES(10310, 'Enzo', 'Argento', 'Barreiro', TO_DATE('1989-3-18', 'YYYY-MM-DD'),12, 'DEFENSA','VNZ');
INSERT INTO jugador VALUES(10311, 'Ricardo', 'Beloqui', 'Rodrigueaz', TO_DATE('1995-3-21', 'YYYY-MM-DD'),13, 'MEDIOCAMPISTA','VNZ');
INSERT INTO jugador VALUES(10312, 'Eric', 'Texeira', 'Diaz', TO_DATE('1995-6-6', 'YYYY-MM-DD'),14, 'DELANTERO','VNZ');
INSERT INTO jugador VALUES(10313, 'Irvin', 'Pons', 'Sanchez', TO_DATE('1990-5-19', 'YYYY-MM-DD'),15, 'DELANTERO','VNZ');
INSERT INTO jugador VALUES(10314, 'Sergio', 'Almeida', 'Silva', TO_DATE('1987-9-17', 'YYYY-MM-DD'),16, 'DEFENSA','VNZ');
INSERT INTO jugador VALUES(10315, 'Habacuc', 'Arenas', 'Viviani', TO_DATE('1983-10-26', 'YYYY-MM-DD'),17, 'DELANTERO','VNZ');
INSERT INTO jugador VALUES(10316, 'Dylan', 'Danree', 'Morandi', TO_DATE('1988-4-10', 'YYYY-MM-DD'),18, 'DELANTERO','VNZ');
INSERT INTO jugador VALUES(10317, '?zan', 'Ojeda', 'Viojo', TO_DATE('1984-12-2', 'YYYY-MM-DD'),19, 'PORTERO','VNZ');
INSERT INTO jugador VALUES(10318, 'Edric', 'Gomez', 'Rodriguez', TO_DATE('1993-4-5', 'YYYY-MM-DD'),20, 'MEDIOCAMPISTA','VNZ');
INSERT INTO jugador VALUES(10319, 'Gabriel', 'Rosa', 'Fabbro', TO_DATE('1987-2-3', 'YYYY-MM-DD'),21, 'DEFENSA','VNZ');
INSERT INTO jugador VALUES(10320, 'Brais', 'Caorsi', 'Arigon', TO_DATE('1991-2-27', 'YYYY-MM-DD'),22, 'DEFENSA','VNZ');
INSERT INTO jugador VALUES(10321, 'Mateo', 'Algorta', 'Hornos', TO_DATE('1993-2-21', 'YYYY-MM-DD'),23, 'PORTERO','VNZ');

/* PANAMÁ */
INSERT INTO jugador VALUES(10322, 'Roland', 'Alvarez', 'Pelufo', TO_DATE('1989-1-13', 'YYYY-MM-DD'),1, 'PORTERO','PAN');
INSERT INTO jugador VALUES(10323, 'Otto', 'Barreiro', 'Lestegas', TO_DATE('1985-9-25', 'YYYY-MM-DD'),2, 'DEFENSA','PAN');
INSERT INTO jugador VALUES(10324, 'Yordani', 'Calvi?o', 'Cornes', TO_DATE('1996-9-9', 'YYYY-MM-DD'),3, 'DEFENSA','PAN');
INSERT INTO jugador VALUES(10325, 'Enzo', 'Dahlquist', 'Martinato', TO_DATE('1991-2-13', 'YYYY-MM-DD'),4, 'DEFENSA','PAN');
INSERT INTO jugador VALUES(10326, 'Izan', 'De los santos', 'Falco', TO_DATE('1991-7-3', 'YYYY-MM-DD'),5, 'DEFENSA','PAN');
INSERT INTO jugador VALUES(10327, 'Uriel', 'Maisonave', 'Perez', TO_DATE('1987-5-27', 'YYYY-MM-DD'),6, 'MEDIOCAMPISTA','PAN');
INSERT INTO jugador VALUES(10328, 'Irvin', 'Mazzula', 'Izquierdo', TO_DATE('1986-3-24', 'YYYY-MM-DD'),7, 'MEDIOCAMPISTA','PAN');
INSERT INTO jugador VALUES(10329, 'Guido', 'Garicoits', 'Barrios', TO_DATE('1996-4-22', 'YYYY-MM-DD'),8, 'MEDIOCAMPISTA','PAN');
INSERT INTO jugador VALUES(10330, 'Irvin', 'Echave', 'Rodriguez', TO_DATE('1996-10-24', 'YYYY-MM-DD'),9, 'DELANTERO','PAN');
INSERT INTO jugador VALUES(10331, 'Gael', 'Ramos', 'Amy', TO_DATE('1992-2-23', 'YYYY-MM-DD'),10, 'DELANTERO','PAN');
INSERT INTO jugador VALUES(10332, 'Yael', 'Varela', 'Gomez', TO_DATE('1997-2-1', 'YYYY-MM-DD'),11, 'DELANTERO','PAN');
INSERT INTO jugador VALUES(10333, 'Nil', 'Barreneche', 'Aguilar', TO_DATE('1991-9-1', 'YYYY-MM-DD'),12, 'MEDIOCAMPISTA','PAN');
INSERT INTO jugador VALUES(10334, 'Guido', 'Rodriguez', 'Silvera', TO_DATE('1995-6-24', 'YYYY-MM-DD'),13, 'DEFENSA','PAN');
INSERT INTO jugador VALUES(10335, 'Brais', 'Inda', 'Barcia', TO_DATE('1990-1-8', 'YYYY-MM-DD'),14, 'PORTERO','PAN');
INSERT INTO jugador VALUES(10336, 'Noel', 'Sayas', 'Saravia', TO_DATE('1989-5-3', 'YYYY-MM-DD'),15, 'DELANTERO','PAN');
INSERT INTO jugador VALUES(10337, 'Ciro', 'Bard', 'Marta', TO_DATE('1994-6-8', 'YYYY-MM-DD'),16, 'DEFENSA','PAN');
INSERT INTO jugador VALUES(10338, 'Eithan', 'Hernandez', 'Solis', TO_DATE('1990-12-13', 'YYYY-MM-DD'),17, 'DEFENSA','PAN');
INSERT INTO jugador VALUES(10339, 'Eithan', 'Santini', 'Fernandez', TO_DATE('1991-9-14', 'YYYY-MM-DD'),18, 'PORTERO','PAN');
INSERT INTO jugador VALUES(10340, 'Thiago', 'Martinez', 'Dominguez', TO_DATE('1993-12-22', 'YYYY-MM-DD'),19, 'DELANTERO','PAN');
INSERT INTO jugador VALUES(10341, 'Nil', 'Barreneche', 'Arigon', TO_DATE('1995-9-3', 'YYYY-MM-DD'),20, 'DEFENSA','PAN');
INSERT INTO jugador VALUES(10342, 'Romeo', 'Arenas', 'Tidemann', TO_DATE('1986-2-14', 'YYYY-MM-DD'),21, 'PORTERO','PAN');
INSERT INTO jugador VALUES(10343, 'Mirt', 'Pisano', 'Acu?a', TO_DATE('1989-9-24', 'YYYY-MM-DD'),22, 'PORTERO','PAN');
INSERT INTO jugador VALUES(10344, 'Mateo', 'Viana', 'Calvo', TO_DATE('1991-5-28', 'YYYY-MM-DD'),23, 'MEDIOCAMPISTA','PAN');

/* EGIPTO */
INSERT INTO jugador VALUES(10345, 'Jano', 'Braida', 'Larrosa', TO_DATE('1986-4-5', 'YYYY-MM-DD'),1, 'PORTERO','EGP');
INSERT INTO jugador VALUES(10346, 'Yael', 'Laguna', 'Fasanello', TO_DATE('1992-1-15', 'YYYY-MM-DD'),2, 'DEFENSA','EGP');
INSERT INTO jugador VALUES(10347, 'Mateo', 'Da silva', 'Martinez', TO_DATE('1993-2-23', 'YYYY-MM-DD'),3, 'DEFENSA','EGP');
INSERT INTO jugador VALUES(10348, 'Bastian', 'Fraga', 'Lambantov', TO_DATE('1989-8-28', 'YYYY-MM-DD'),4, 'DEFENSA','EGP');
INSERT INTO jugador VALUES(10349, 'Miguel', 'Pongibove', 'Apelian', TO_DATE('1987-4-15', 'YYYY-MM-DD'),5, 'DEFENSA','EGP');
INSERT INTO jugador VALUES(10350, 'Miguel', 'Lorenzo', 'Pacheco', TO_DATE('1989-8-11', 'YYYY-MM-DD'),6, 'MEDIOCAMPISTA','EGP');
INSERT INTO jugador VALUES(10351, 'Nil', 'Alfaro', 'Pereyra', TO_DATE('1983-2-23', 'YYYY-MM-DD'),7, 'MEDIOCAMPISTA','EGP');
INSERT INTO jugador VALUES(10352, 'Mario', 'Fernandez', 'Bellinzona', TO_DATE('1993-10-3', 'YYYY-MM-DD'),8, 'MEDIOCAMPISTA','EGP');
INSERT INTO jugador VALUES(10353, 'Eric', 'Pereira', 'Alouy', TO_DATE('1993-10-14', 'YYYY-MM-DD'),9, 'DELANTERO','EGP');
INSERT INTO jugador VALUES(10354, 'Darwin', 'Dahlquist', 'Araujo', TO_DATE('1991-7-18', 'YYYY-MM-DD'),10, 'DELANTERO','EGP');
INSERT INTO jugador VALUES(10355, 'Ian', 'Santos', 'Carrera', TO_DATE('1987-10-17', 'YYYY-MM-DD'),11, 'DELANTERO','EGP');
INSERT INTO jugador VALUES(10356, 'Uriel', 'Lasso', 'Texeira', TO_DATE('1995-10-20', 'YYYY-MM-DD'),12, 'MEDIOCAMPISTA','EGP');
INSERT INTO jugador VALUES(10357, 'Areu', 'Paolino', 'Setelich', TO_DATE('1992-7-1', 'YYYY-MM-DD'),13, 'PORTERO','EGP');
INSERT INTO jugador VALUES(10358, 'Nil', 'Cambom', 'Pino', TO_DATE('1991-10-9', 'YYYY-MM-DD'),14, 'MEDIOCAMPISTA','EGP');
INSERT INTO jugador VALUES(10359, 'Brais', 'Zaballa', 'Osvaldo', TO_DATE('1985-4-11', 'YYYY-MM-DD'),15, 'PORTERO','EGP');
INSERT INTO jugador VALUES(10360, 'Carlos', 'Galione', 'Da costa', TO_DATE('1990-11-28', 'YYYY-MM-DD'),16, 'DELANTERO','EGP');
INSERT INTO jugador VALUES(10361, 'Santiago', 'Rodriguez', 'Costa', TO_DATE('1987-3-7', 'YYYY-MM-DD'),17, 'DELANTERO','EGP');
INSERT INTO jugador VALUES(10362, 'Irvin', 'Sandoval', 'Sanchis', TO_DATE('1990-12-12', 'YYYY-MM-DD'),18, 'DELANTERO','EGP');
INSERT INTO jugador VALUES(10363, 'Aar?n', 'Ivanchenko', 'Casas', TO_DATE('1995-2-13', 'YYYY-MM-DD'),19, 'PORTERO','EGP');
INSERT INTO jugador VALUES(10364, 'Sebasti?n', 'Molinari', 'Garcia', TO_DATE('1988-4-14', 'YYYY-MM-DD'),20, 'MEDIOCAMPISTA','EGP');
INSERT INTO jugador VALUES(10365, 'Mario', 'Balsas', 'Santellano', TO_DATE('1988-9-4', 'YYYY-MM-DD'),21, 'PORTERO','EGP');
INSERT INTO jugador VALUES(10366, 'Edgar', 'Gonzalez', 'Izquierdo', TO_DATE('1991-12-13', 'YYYY-MM-DD'),22, 'DELANTERO','EGP');
INSERT INTO jugador VALUES(10367, 'Noah', 'Vetey', 'Asenjo', TO_DATE('1991-12-19', 'YYYY-MM-DD'),23, 'PORTERO','EGP');

/* PORTUGAL */
INSERT INTO jugador VALUES(10368, 'Lucho', 'Furlan', 'Fredes', TO_DATE('1987-12-24', 'YYYY-MM-DD'),1, 'PORTERO','POR');
INSERT INTO jugador VALUES(10369, 'Otto', 'Cambom', 'Gonzalez', TO_DATE('1983-7-4', 'YYYY-MM-DD'),2, 'DEFENSA','POR');
INSERT INTO jugador VALUES(10370, 'Fabricio', 'Correa', 'Pesce', TO_DATE('1989-10-7', 'YYYY-MM-DD'),3, 'DEFENSA','POR');
INSERT INTO jugador VALUES(10371, 'Diego', 'Bernardez', 'Izquierdo', TO_DATE('1983-2-18', 'YYYY-MM-DD'),4, 'DEFENSA','POR');
INSERT INTO jugador VALUES(10372, 'Mateo', 'Saralegui', 'Ungo', TO_DATE('1986-7-8', 'YYYY-MM-DD'),5, 'DEFENSA','POR');
INSERT INTO jugador VALUES(10373, 'Enzo', 'Garcia', 'Irigoyen', TO_DATE('1992-8-10', 'YYYY-MM-DD'),6, 'MEDIOCAMPISTA','POR');
INSERT INTO jugador VALUES(10374, 'Guido', 'Correa', 'Bove', TO_DATE('1990-12-11', 'YYYY-MM-DD'),7, 'MEDIOCAMPISTA','POR');
INSERT INTO jugador VALUES(10375, 'Nil', 'Claustre', 'Miraldi', TO_DATE('1991-12-4', 'YYYY-MM-DD'),8, 'MEDIOCAMPISTA','POR');
INSERT INTO jugador VALUES(10376, 'Edgar', 'Yaquinta', 'Nebot', TO_DATE('1985-7-1', 'YYYY-MM-DD'),9, 'DELANTERO','POR');
INSERT INTO jugador VALUES(10377, 'Otto', 'Moreno', 'Ferrari', TO_DATE('1983-12-8', 'YYYY-MM-DD'),10, 'DELANTERO','POR');
INSERT INTO jugador VALUES(10378, 'Nil', 'Perez', 'Arguello', TO_DATE('1996-7-11', 'YYYY-MM-DD'),11, 'DELANTERO','POR');
INSERT INTO jugador VALUES(10379, 'Iol', 'Vazquez', 'Pereyra', TO_DATE('1990-2-25', 'YYYY-MM-DD'),12, 'MEDIOCAMPISTA','POR');
INSERT INTO jugador VALUES(10380, 'Edric', 'Silva', 'De las heras', TO_DATE('1992-11-25', 'YYYY-MM-DD'),13, 'MEDIOCAMPISTA','POR');
INSERT INTO jugador VALUES(10381, 'Sa?l', 'Martinez', 'Martinez', TO_DATE('1985-1-3', 'YYYY-MM-DD'),14, 'DEFENSA','POR');
INSERT INTO jugador VALUES(10382, 'Leonardo', 'Rossini', 'Szalmian', TO_DATE('1996-8-28', 'YYYY-MM-DD'),15, 'PORTERO','POR');
INSERT INTO jugador VALUES(10383, 'Thiago', 'Cruz', 'Casas', TO_DATE('1991-6-1', 'YYYY-MM-DD'),16, 'DELANTERO','POR');
INSERT INTO jugador VALUES(10384, 'Irvin', 'Gomez', 'Zunini', TO_DATE('1984-11-3', 'YYYY-MM-DD'),17, 'DELANTERO','POR');
INSERT INTO jugador VALUES(10385, 'Joel', 'Lotito', 'Berhquet', TO_DATE('1989-11-12', 'YYYY-MM-DD'),18, 'DEFENSA','POR');
INSERT INTO jugador VALUES(10386, 'Eli?n', 'Ibarguren', 'Nieto', TO_DATE('1991-12-10', 'YYYY-MM-DD'),19, 'MEDIOCAMPISTA','POR');
INSERT INTO jugador VALUES(10387, 'Ariel', 'Martinez', 'Bardier', TO_DATE('1994-2-22', 'YYYY-MM-DD'),20, 'MEDIOCAMPISTA','POR');
INSERT INTO jugador VALUES(10388, 'Gael', 'Pereira', 'Alboa', TO_DATE('1997-3-14', 'YYYY-MM-DD'),21, 'DEFENSA','POR');
INSERT INTO jugador VALUES(10389, 'Alonso', 'Vega', 'Silvestri', TO_DATE('1992-8-14', 'YYYY-MM-DD'),22, 'DELANTERO','POR');
INSERT INTO jugador VALUES(10390, 'Yannick', 'Goro', 'Canzani', TO_DATE('1996-4-24', 'YYYY-MM-DD'),23, 'DEFENSA','POR');

/* PÁRAGUAY */
INSERT INTO jugador VALUES(10391, 'Eli?n', 'Arismendi', 'Beherens', TO_DATE('1988-2-14', 'YYYY-MM-DD'),1, 'PORTERO','PAR');
INSERT INTO jugador VALUES(10392, 'Ricardo', 'Ibi?ete', 'Arigon', TO_DATE('1987-5-24', 'YYYY-MM-DD'),2, 'DEFENSA','PAR');
INSERT INTO jugador VALUES(10393, 'Edgar', 'Cazabonnet', 'Prats', TO_DATE('1985-9-27', 'YYYY-MM-DD'),3, 'DEFENSA','PAR');
INSERT INTO jugador VALUES(10394, 'Barad', 'Silver', 'Ferreira', TO_DATE('1997-1-5', 'YYYY-MM-DD'),4, 'DEFENSA','PAR');
INSERT INTO jugador VALUES(10395, 'Ezequiel', 'Gonzalez', 'Medina', TO_DATE('1997-6-4', 'YYYY-MM-DD'),5, 'DEFENSA','PAR');
INSERT INTO jugador VALUES(10396, 'Ricardo', 'Canessa', 'Rodriguez', TO_DATE('1993-1-9', 'YYYY-MM-DD'),6, 'MEDIOCAMPISTA','PAR');
INSERT INTO jugador VALUES(10397, 'Tiziano', 'Leoncini', 'Pongibove', TO_DATE('1983-10-3', 'YYYY-MM-DD'),7, 'MEDIOCAMPISTA','PAR');
INSERT INTO jugador VALUES(10398, '?ngel', 'Ramos', 'Chiavone', TO_DATE('1987-3-4', 'YYYY-MM-DD'),8, 'MEDIOCAMPISTA','PAR');
INSERT INTO jugador VALUES(10399, 'Thiago', 'Sum', 'Machado', TO_DATE('1997-7-8', 'YYYY-MM-DD'),9, 'DELANTERO','PAR');
INSERT INTO jugador VALUES(10400, 'Sergio', 'Izquierdo', 'Curiel', TO_DATE('1986-10-23', 'YYYY-MM-DD'),10, 'DELANTERO','PAR');
INSERT INTO jugador VALUES(10401, 'Diego', 'Guaraglia', 'Wasser', TO_DATE('1992-8-9', 'YYYY-MM-DD'),11, 'DELANTERO','PAR');
INSERT INTO jugador VALUES(10402, 'Eloy', 'Gomez', 'De leon', TO_DATE('1995-5-18', 'YYYY-MM-DD'),12, 'DEFENSA','PAR');
INSERT INTO jugador VALUES(10403, 'Elroy', 'Dutruel', 'Mendaro', TO_DATE('1996-4-23', 'YYYY-MM-DD'),13, 'PORTERO','PAR');
INSERT INTO jugador VALUES(10404, 'Mirt', 'Demarco', 'Daguerre', TO_DATE('1997-12-6', 'YYYY-MM-DD'),14, 'PORTERO','PAR');
INSERT INTO jugador VALUES(10405, 'Ezequiel', 'Hackembruch', 'Blengio', TO_DATE('1993-6-25', 'YYYY-MM-DD'),15, 'MEDIOCAMPISTA','PAR');
INSERT INTO jugador VALUES(10406, 'Bruno', 'Silva', 'Inciura', TO_DATE('1988-8-5', 'YYYY-MM-DD'),16, 'DELANTERO','PAR');
INSERT INTO jugador VALUES(10407, 'Ariel', 'Buschiazzo', 'Filpi', TO_DATE('1987-6-9', 'YYYY-MM-DD'),17, 'MEDIOCAMPISTA','PAR');
INSERT INTO jugador VALUES(10408, 'Ian', 'Morandi', 'Reboredo', TO_DATE('1985-9-28', 'YYYY-MM-DD'),18, 'PORTERO','PAR');
INSERT INTO jugador VALUES(10409, 'Mateo', 'Esqueff', 'Colombo', TO_DATE('1990-12-20', 'YYYY-MM-DD'),19, 'DEFENSA','PAR');
INSERT INTO jugador VALUES(10410, 'Iol', 'Estrada', 'Gonzalez', TO_DATE('1987-4-23', 'YYYY-MM-DD'),20, 'DEFENSA','PAR');
INSERT INTO jugador VALUES(10411, 'Mirt', 'Serron', 'Castro', TO_DATE('1985-9-21', 'YYYY-MM-DD'),21, 'MEDIOCAMPISTA','PAR');
INSERT INTO jugador VALUES(10412, 'Andry', 'Pardo', 'Cacciante', TO_DATE('1994-6-9', 'YYYY-MM-DD'),22, 'MEDIOCAMPISTA','PAR');
INSERT INTO jugador VALUES(10413, 'Noel', 'Mendizabal', 'Liotti', TO_DATE('1990-1-14', 'YYYY-MM-DD'),23, 'DELANTERO','PAR');

/* ESPAÑA */
INSERT INTO jugador VALUES(10414, 'Acfred', 'Sander', 'Montaner', TO_DATE('1991-8-17', 'YYYY-MM-DD'),1, 'PORTERO','ESP');
INSERT INTO jugador VALUES(10415, 'Andry', 'Morales', 'Piriz', TO_DATE('1987-7-25', 'YYYY-MM-DD'),2, 'DEFENSA','ESP');
INSERT INTO jugador VALUES(10416, 'Darwin', 'Salomon', 'Delfino', TO_DATE('1996-10-19', 'YYYY-MM-DD'),3, 'DEFENSA','ESP');
INSERT INTO jugador VALUES(10417, 'Gabriel', 'Mendez', 'Cantoni', TO_DATE('1992-1-17', 'YYYY-MM-DD'),4, 'DEFENSA','ESP');
INSERT INTO jugador VALUES(10418, '?zan', 'De mello', 'Suarez', TO_DATE('1989-5-12', 'YYYY-MM-DD'),5, 'DEFENSA','ESP');
INSERT INTO jugador VALUES(10419, 'Ariel', 'Gronros', 'Hernandez', TO_DATE('1995-8-10', 'YYYY-MM-DD'),6, 'MEDIOCAMPISTA','ESP');
INSERT INTO jugador VALUES(10420, 'Marco', 'Delfino', 'Cerchi', TO_DATE('1991-8-13', 'YYYY-MM-DD'),7, 'MEDIOCAMPISTA','ESP');
INSERT INTO jugador VALUES(10421, 'Nil', 'Cabrera', 'Olmos', TO_DATE('1984-12-6', 'YYYY-MM-DD'),8, 'MEDIOCAMPISTA','ESP');
INSERT INTO jugador VALUES(10422, 'Zigor', 'Piegas', 'Bonilla', TO_DATE('1990-9-21', 'YYYY-MM-DD'),9, 'DELANTERO','ESP');
INSERT INTO jugador VALUES(10423, 'Aar?n', 'Amaro', 'Silva', TO_DATE('1993-10-20', 'YYYY-MM-DD'),10, 'DELANTERO','ESP');
INSERT INTO jugador VALUES(10424, 'Diego', 'Sosa', 'Valverde', TO_DATE('1984-4-3', 'YYYY-MM-DD'),11, 'DELANTERO','ESP');
INSERT INTO jugador VALUES(10425, 'Julio', 'Monnet', 'Crosa', TO_DATE('1995-12-24', 'YYYY-MM-DD'),12, 'DEFENSA','ESP');
INSERT INTO jugador VALUES(10426, 'V?ctor', 'Sastre', 'Goyti?o', TO_DATE('1990-2-24', 'YYYY-MM-DD'),13, 'DELANTERO','ESP');
INSERT INTO jugador VALUES(10427, 'Eros', 'Listur', 'Araujo', TO_DATE('1988-8-15', 'YYYY-MM-DD'),14, 'MEDIOCAMPISTA','ESP');
INSERT INTO jugador VALUES(10428, 'Jerald', 'Ma?ana', 'Preza', TO_DATE('1994-4-3', 'YYYY-MM-DD'),15, 'DEFENSA','ESP');
INSERT INTO jugador VALUES(10429, 'Uriel', 'De souza', 'Santa maria', TO_DATE('1995-8-22', 'YYYY-MM-DD'),16, 'MEDIOCAMPISTA','ESP');
INSERT INTO jugador VALUES(10430, 'Aitor', 'Marini', 'Tusso', TO_DATE('1988-2-21', 'YYYY-MM-DD'),17, 'MEDIOCAMPISTA','ESP');
INSERT INTO jugador VALUES(10431, 'Ezequiel', 'Pastorino', 'Viera', TO_DATE('1993-12-24', 'YYYY-MM-DD'),18, 'DELANTERO','ESP');
INSERT INTO jugador VALUES(10432, 'Jerald', 'Fernandez', 'Calvo', TO_DATE('1991-9-24', 'YYYY-MM-DD'),19, 'DEFENSA','ESP');
INSERT INTO jugador VALUES(10433, 'Guido', 'Di maggio', 'Spinelli', TO_DATE('1997-12-25', 'YYYY-MM-DD'),20, 'DELANTERO','ESP');
INSERT INTO jugador VALUES(10434, 'Habacuc', 'Adipe', 'Hernandez', TO_DATE('1987-7-15', 'YYYY-MM-DD'),21, 'DEFENSA','ESP');
INSERT INTO jugador VALUES(10435, '?zan', 'Zirollo', 'Araujo', TO_DATE('1984-1-15', 'YYYY-MM-DD'),22, 'PORTERO','ESP');
INSERT INTO jugador VALUES(10436, '?ngel', 'Pereira', 'Noya', TO_DATE('1983-7-12', 'YYYY-MM-DD'),23, 'MEDIOCAMPISTA','ESP');

/* PERÚ */
INSERT INTO jugador VALUES(10437, 'Yannick', 'Dodera', 'Latorre', TO_DATE('1995-6-21', 'YYYY-MM-DD'),1, 'PORTERO','PER');
INSERT INTO jugador VALUES(10438, 'Eros', 'Hourcade', 'Calvo', TO_DATE('1983-6-16', 'YYYY-MM-DD'),2, 'DEFENSA','PER');
INSERT INTO jugador VALUES(10439, 'V?ctor', 'Gutierrez', 'Gulla', TO_DATE('1987-11-16', 'YYYY-MM-DD'),3, 'DEFENSA','PER');
INSERT INTO jugador VALUES(10440, 'Arturo', 'Di cunto', 'Marta', TO_DATE('1983-8-26', 'YYYY-MM-DD'),4, 'DEFENSA','PER');
INSERT INTO jugador VALUES(10441, 'Eli?n', 'Fernandez', 'Ortiz', TO_DATE('1993-1-2', 'YYYY-MM-DD'),5, 'DEFENSA','PER');
INSERT INTO jugador VALUES(10442, 'Guido', 'Montaner', 'Presa', TO_DATE('1991-7-27', 'YYYY-MM-DD'),6, 'MEDIOCAMPISTA','PER');
INSERT INTO jugador VALUES(10443, '?ngel', 'Fieguth', 'Burgues', TO_DATE('1996-9-11', 'YYYY-MM-DD'),7, 'MEDIOCAMPISTA','PER');
INSERT INTO jugador VALUES(10444, 'Roland', 'Dini', 'Andriolo', TO_DATE('1983-4-2', 'YYYY-MM-DD'),8, 'MEDIOCAMPISTA','PER');
INSERT INTO jugador VALUES(10445, 'Diego', 'Machado', 'Alonso', TO_DATE('1984-10-20', 'YYYY-MM-DD'),9, 'DELANTERO','PER');
INSERT INTO jugador VALUES(10446, 'Ariel', 'Mattos', 'Trigo', TO_DATE('1996-12-3', 'YYYY-MM-DD'),10, 'DELANTERO','PER');
INSERT INTO jugador VALUES(10447, 'Arturo', 'Asenjo', 'Pereyra', TO_DATE('1985-5-7', 'YYYY-MM-DD'),11, 'DELANTERO','PER');
INSERT INTO jugador VALUES(10448, 'Aitor', 'Brum', 'Escursell', TO_DATE('1985-2-18', 'YYYY-MM-DD'),12, 'DEFENSA','PER');
INSERT INTO jugador VALUES(10449, 'Bruno', 'Moriondo', 'Menendez', TO_DATE('1983-12-23', 'YYYY-MM-DD'),13, 'DEFENSA','PER');
INSERT INTO jugador VALUES(10450, 'Juan', 'Claustre', 'De rossi', TO_DATE('1996-2-9', 'YYYY-MM-DD'),14, 'MEDIOCAMPISTA','PER');
INSERT INTO jugador VALUES(10451, 'Fabricio', 'Macagno', 'Cedres', TO_DATE('1993-4-12', 'YYYY-MM-DD'),15, 'PORTERO','PER');
INSERT INTO jugador VALUES(10452, 'Lucho', 'Palumbo', 'Da trindade', TO_DATE('1986-12-22', 'YYYY-MM-DD'),16, 'MEDIOCAMPISTA','PER');
INSERT INTO jugador VALUES(10453, 'Ariel', 'Prats', 'Acu?a', TO_DATE('1992-9-24', 'YYYY-MM-DD'),17, 'MEDIOCAMPISTA','PER');
INSERT INTO jugador VALUES(10454, 'Eros', 'Nedor', 'Villamil', TO_DATE('1984-2-8', 'YYYY-MM-DD'),18, 'DEFENSA','PER');
INSERT INTO jugador VALUES(10455, 'Darwin', 'Pereyra', 'Longueira', TO_DATE('1992-3-8', 'YYYY-MM-DD'),19, 'PORTERO','PER');
INSERT INTO jugador VALUES(10456, 'Eric', 'Soulage', 'Santellano', TO_DATE('1990-5-13', 'YYYY-MM-DD'),20, 'PORTERO','PER');
INSERT INTO jugador VALUES(10457, 'Noah', 'Mangano', 'Sejas', TO_DATE('1985-4-16', 'YYYY-MM-DD'),21, 'DELANTERO','PER');
INSERT INTO jugador VALUES(10458, 'Julio', 'Cantou', 'Nunes', TO_DATE('1984-5-15', 'YYYY-MM-DD'),22, 'MEDIOCAMPISTA','PER');
INSERT INTO jugador VALUES(10459, 'Gael', 'Usoz', 'Rodriguez', TO_DATE('1984-2-5', 'YYYY-MM-DD'),23, 'PORTERO','PER');

/* NIGERIA */
INSERT INTO jugador VALUES(10460, 'Tiziano', 'Barcena', 'Alonso', TO_DATE('1986-6-7', 'YYYY-MM-DD'),1, 'PORTERO','NIG');
INSERT INTO jugador VALUES(10461, 'Emiliano', 'Lopez', 'Iglesias', TO_DATE('1985-7-26', 'YYYY-MM-DD'),2, 'DEFENSA','NIG');
INSERT INTO jugador VALUES(10462, 'Miguel', 'Pereyra', 'Vega', TO_DATE('1992-11-6', 'YYYY-MM-DD'),3, 'DEFENSA','NIG');
INSERT INTO jugador VALUES(10463, 'Eli?n', 'Blengio', 'Lucia', TO_DATE('1990-2-20', 'YYYY-MM-DD'),4, 'DEFENSA','NIG');
INSERT INTO jugador VALUES(10464, 'Darwin', 'Lutz', 'Cancela', TO_DATE('1990-10-5', 'YYYY-MM-DD'),5, 'DEFENSA','NIG');
INSERT INTO jugador VALUES(10465, 'Ciro', 'Pulleri', 'Alzugaray', TO_DATE('1994-11-18', 'YYYY-MM-DD'),6, 'MEDIOCAMPISTA','NIG');
INSERT INTO jugador VALUES(10466, 'Eli?n', 'Lopez', 'Echeverry', TO_DATE('1983-9-25', 'YYYY-MM-DD'),7, 'MEDIOCAMPISTA','NIG');
INSERT INTO jugador VALUES(10467, 'Acfred', 'Galan', 'Bizera', TO_DATE('1988-11-11', 'YYYY-MM-DD'),8, 'MEDIOCAMPISTA','NIG');
INSERT INTO jugador VALUES(10468, 'Yannick', 'Simoncelli', 'Olivera', TO_DATE('1997-5-11', 'YYYY-MM-DD'),9, 'DELANTERO','NIG');
INSERT INTO jugador VALUES(10469, 'Mario', 'Gonzalez', 'Seade', TO_DATE('1991-7-23', 'YYYY-MM-DD'),10, 'DELANTERO','NIG');
INSERT INTO jugador VALUES(10470, 'Arturo', 'De las carreras', 'Cuenca', TO_DATE('1991-2-6', 'YYYY-MM-DD'),11, 'DELANTERO','NIG');
INSERT INTO jugador VALUES(10471, 'Mirt', 'Baptista', 'Ruffini', TO_DATE('1990-8-25', 'YYYY-MM-DD'),12, 'DELANTERO','NIG');
INSERT INTO jugador VALUES(10472, 'Bruno', 'Cabral', 'Iribarne', TO_DATE('1993-10-27', 'YYYY-MM-DD'),13, 'DEFENSA','NIG');
INSERT INTO jugador VALUES(10473, 'Nil', 'Penco', 'Sarubbi', TO_DATE('1995-1-1', 'YYYY-MM-DD'),14, 'PORTERO','NIG');
INSERT INTO jugador VALUES(10474, 'Yael', 'Umpierrez', 'Lotito', TO_DATE('1992-1-22', 'YYYY-MM-DD'),15, 'DELANTERO','NIG');
INSERT INTO jugador VALUES(10475, 'Areu', 'Fieguth', 'Silvera', TO_DATE('1992-8-9', 'YYYY-MM-DD'),16, 'PORTERO','NIG');
INSERT INTO jugador VALUES(10476, 'Eric', 'Da silva', 'Gargano', TO_DATE('1988-6-5', 'YYYY-MM-DD'),17, 'DEFENSA','NIG');
INSERT INTO jugador VALUES(10477, 'Dylan', 'Altman', 'Del pretti', TO_DATE('1984-2-27', 'YYYY-MM-DD'),18, 'DELANTERO','NIG');
INSERT INTO jugador VALUES(10478, 'Diego', 'Lembo', 'Romero', TO_DATE('1989-7-4', 'YYYY-MM-DD'),19, 'MEDIOCAMPISTA','NIG');
INSERT INTO jugador VALUES(10479, 'Guido', 'Noguera', 'Laureiro', TO_DATE('1983-5-25', 'YYYY-MM-DD'),20, 'MEDIOCAMPISTA','NIG');
INSERT INTO jugador VALUES(10480, 'Leonardo', 'Arezo', 'Gonzalez', TO_DATE('1987-3-27', 'YYYY-MM-DD'),21, 'PORTERO','NIG');
INSERT INTO jugador VALUES(10481, 'Darwin', 'Vidaur', 'Pulleri', TO_DATE('1996-9-25', 'YYYY-MM-DD'),22, 'PORTERO','NIG');
INSERT INTO jugador VALUES(10482, 'Evan', 'Santurio', 'Cabrera', TO_DATE('1983-3-8', 'YYYY-MM-DD'),23, 'DEFENSA','NIG');

/* AUSTRIA */
INSERT INTO jugador VALUES(10483, 'Adael', 'Elduayen', 'Figueroa', TO_DATE('1996-1-20', 'YYYY-MM-DD'),1, 'PORTERO','AUS');
INSERT INTO jugador VALUES(10484, 'V?ctor', 'Mattos', 'Brum', TO_DATE('1987-9-17', 'YYYY-MM-DD'),2, 'DEFENSA','AUS');
INSERT INTO jugador VALUES(10485, 'Juan', 'Moreno', 'Sancho', TO_DATE('1996-5-14', 'YYYY-MM-DD'),3, 'DEFENSA','AUS');
INSERT INTO jugador VALUES(10486, 'Bruno', 'Belloso', 'Marco', TO_DATE('1987-4-6', 'YYYY-MM-DD'),4, 'DEFENSA','AUS');
INSERT INTO jugador VALUES(10487, 'Gael', 'Camejo', 'Garcia', TO_DATE('1986-5-26', 'YYYY-MM-DD'),5, 'DEFENSA','AUS');
INSERT INTO jugador VALUES(10488, 'Eli?n', 'Del signore', 'Barreiro', TO_DATE('1987-1-8', 'YYYY-MM-DD'),6, 'MEDIOCAMPISTA','AUS');
INSERT INTO jugador VALUES(10489, 'Trevor', 'Reisch', 'Leon', TO_DATE('1988-7-1', 'YYYY-MM-DD'),7, 'MEDIOCAMPISTA','AUS');
INSERT INTO jugador VALUES(10490, 'Andr?s', 'Cuculie', 'Silveira', TO_DATE('1987-9-19', 'YYYY-MM-DD'),8, 'MEDIOCAMPISTA','AUS');
INSERT INTO jugador VALUES(10491, 'Sam', 'Larrosa', 'Armand  pilon', TO_DATE('1996-2-25', 'YYYY-MM-DD'),9, 'DELANTERO','AUS');
INSERT INTO jugador VALUES(10492, 'Bastian', 'Miller', 'Larrosa', TO_DATE('1986-4-22', 'YYYY-MM-DD'),10, 'DELANTERO','AUS');
INSERT INTO jugador VALUES(10493, 'Thiago', 'Bra?a', 'Gonnet', TO_DATE('1984-12-4', 'YYYY-MM-DD'),11, 'DELANTERO','AUS');
INSERT INTO jugador VALUES(10494, 'Ian', 'Gammarano', 'Vazquez', TO_DATE('1984-8-18', 'YYYY-MM-DD'),12, 'PORTERO','AUS');
INSERT INTO jugador VALUES(10495, 'Roland', 'Ma?ana', 'Boschele', TO_DATE('1993-9-22', 'YYYY-MM-DD'),13, 'DEFENSA','AUS');
INSERT INTO jugador VALUES(10496, 'Jerald', 'Morena', 'Perez', TO_DATE('1983-11-5', 'YYYY-MM-DD'),14, 'MEDIOCAMPISTA','AUS');
INSERT INTO jugador VALUES(10497, 'Eli?n', 'Sicco', 'Bernasconi', TO_DATE('1986-5-23', 'YYYY-MM-DD'),15, 'DELANTERO','AUS');
INSERT INTO jugador VALUES(10498, 'Alonso', 'Manzor', 'Antognazza', TO_DATE('1990-4-15', 'YYYY-MM-DD'),16, 'DELANTERO','AUS');
INSERT INTO jugador VALUES(10499, 'Bruno', 'Sandro', 'Camp', TO_DATE('1990-2-23', 'YYYY-MM-DD'),17, 'PORTERO','AUS');
INSERT INTO jugador VALUES(10500, 'Barad', 'Padron', 'Giacca', TO_DATE('1993-2-28', 'YYYY-MM-DD'),18, 'PORTERO','AUS');
INSERT INTO jugador VALUES(10501, 'Tiziano', 'Raffo', 'Vecchio', TO_DATE('1990-5-17', 'YYYY-MM-DD'),19, 'DEFENSA','AUS');
INSERT INTO jugador VALUES(10502, 'Sebasti?n', 'Bonfiglio', 'Trigo', TO_DATE('1985-5-12', 'YYYY-MM-DD'),20, 'DELANTERO','AUS');
INSERT INTO jugador VALUES(10503, 'Ciro', 'Obispo', 'Montans', TO_DATE('1988-5-15', 'YYYY-MM-DD'),21, 'MEDIOCAMPISTA','AUS');
INSERT INTO jugador VALUES(10504, 'Aar?n', 'Piccini', 'Queijo', TO_DATE('1992-10-15', 'YYYY-MM-DD'),22, 'PORTERO','AUS');
INSERT INTO jugador VALUES(10505, 'Barad', 'Nebot', 'Gamboa', TO_DATE('1991-3-23', 'YYYY-MM-DD'),23, 'DEFENSA','AUS');

/* SUIZA */
INSERT INTO jugador VALUES(10506, 'Irvin', 'Mascheroni', 'Perez', TO_DATE('1992-3-13', 'YYYY-MM-DD'),1, 'PORTERO','SUI');
INSERT INTO jugador VALUES(10507, 'Nil', 'Varela', 'Techera', TO_DATE('1985-8-18', 'YYYY-MM-DD'),2, 'DEFENSA','SUI');
INSERT INTO jugador VALUES(10508, 'Aar?n', 'Rivera', 'Gutierrez', TO_DATE('1986-9-1', 'YYYY-MM-DD'),3, 'DEFENSA','SUI');
INSERT INTO jugador VALUES(10509, '?ngel', 'Irureta', 'Mello', TO_DATE('1984-1-2', 'YYYY-MM-DD'),4, 'DEFENSA','SUI');
INSERT INTO jugador VALUES(10510, 'Thiago', 'imperio', 'Gioia', TO_DATE('1992-7-21', 'YYYY-MM-DD'),5, 'DEFENSA','SUI');
INSERT INTO jugador VALUES(10511, 'Carlos', 'Santa maria', 'Mitre', TO_DATE('1995-1-11', 'YYYY-MM-DD'),6, 'MEDIOCAMPISTA','SUI');
INSERT INTO jugador VALUES(10512, 'Arturo', 'Arcos', 'Benoit', TO_DATE('1989-1-5', 'YYYY-MM-DD'),7, 'MEDIOCAMPISTA','SUI');
INSERT INTO jugador VALUES(10513, 'Iol', 'Grecco', 'Reisch', TO_DATE('1992-7-12', 'YYYY-MM-DD'),8, 'MEDIOCAMPISTA','SUI');
INSERT INTO jugador VALUES(10514, 'Emiliano', 'Silva', 'Martinez', TO_DATE('1989-9-11', 'YYYY-MM-DD'),9, 'DELANTERO','SUI');
INSERT INTO jugador VALUES(10515, 'Bruno', 'Macias', 'Soria', TO_DATE('1989-6-11', 'YYYY-MM-DD'),10, 'DELANTERO','SUI');
INSERT INTO jugador VALUES(10516, 'Nil', 'Morena', 'Scalone', TO_DATE('1986-4-16', 'YYYY-MM-DD'),11, 'DELANTERO','SUI');
INSERT INTO jugador VALUES(10517, 'Andr?s', 'Cabrera', 'De la fuente', TO_DATE('1996-1-11', 'YYYY-MM-DD'),12, 'DELANTERO','SUI');
INSERT INTO jugador VALUES(10518, 'Guido', 'Perez', 'Rodriguez', TO_DATE('1983-5-27', 'YYYY-MM-DD'),13, 'DELANTERO','SUI');
INSERT INTO jugador VALUES(10519, 'Brais', 'Ameal', 'Asole', TO_DATE('1983-10-26', 'YYYY-MM-DD'),14, 'DELANTERO','SUI');
INSERT INTO jugador VALUES(10520, 'Ariel', 'Lopez', 'Canavessi', TO_DATE('1984-12-8', 'YYYY-MM-DD'),15, 'DELANTERO','SUI');
INSERT INTO jugador VALUES(10521, 'Adael', 'Gutierrez', 'Santos', TO_DATE('1992-4-14', 'YYYY-MM-DD'),16, 'DELANTERO','SUI');
INSERT INTO jugador VALUES(10522, 'Brais', 'Dulinskas', 'Santellano', TO_DATE('1995-7-7', 'YYYY-MM-DD'),17, 'DELANTERO','SUI');
INSERT INTO jugador VALUES(10523, 'Eli?n', 'S?nchez', 'Lourido', TO_DATE('1988-9-19', 'YYYY-MM-DD'),18, 'DELANTERO','SUI');
INSERT INTO jugador VALUES(10524, 'Gabriel', 'Carrizo', 'Maccio', TO_DATE('1995-2-2', 'YYYY-MM-DD'),19, 'DELANTERO','SUI');
INSERT INTO jugador VALUES(10525, 'Romeo', 'Deaces', 'Marino', TO_DATE('1991-2-4', 'YYYY-MM-DD'),20, 'MEDIOCAMPISTA','SUI');
INSERT INTO jugador VALUES(10526, 'Miguel', 'Moreira', 'Quinteros', TO_DATE('1990-9-15', 'YYYY-MM-DD'),21, 'DEFENSA','SUI');
INSERT INTO jugador VALUES(10527, 'Sam', 'Soto', 'Rodriguez', TO_DATE('1995-6-28', 'YYYY-MM-DD'),22, 'DELANTERO','SUI');
INSERT INTO jugador VALUES(10528, 'Edgar', 'Suarez', 'Ramos', TO_DATE('1993-4-21', 'YYYY-MM-DD'),23, 'PORTERO','SUI');

/* URUGUAY */
INSERT INTO jugador VALUES(10529, 'Ian', 'Gonzalez', 'Ojeda', TO_DATE('1984-1-18', 'YYYY-MM-DD'),1, 'PORTERO','URU');
INSERT INTO jugador VALUES(10530, 'Yael', 'Ferraro', 'Santos', TO_DATE('1994-2-17', 'YYYY-MM-DD'),2, 'DEFENSA','URU');
INSERT INTO jugador VALUES(10531, 'Sergio', 'Areosa', 'Morosoli', TO_DATE('1996-7-13', 'YYYY-MM-DD'),3, 'DEFENSA','URU');
INSERT INTO jugador VALUES(10532, 'Emiliano', 'Balsas', 'Tomas', TO_DATE('1992-9-19', 'YYYY-MM-DD'),4, 'DEFENSA','URU');
INSERT INTO jugador VALUES(10533, 'Omar', 'Calandria', 'Aguerre', TO_DATE('1984-3-28', 'YYYY-MM-DD'),5, 'DEFENSA','URU');
INSERT INTO jugador VALUES(10534, 'Edric', 'Cruz', 'Cabral', TO_DATE('1996-8-22', 'YYYY-MM-DD'),6, 'MEDIOCAMPISTA','URU');
INSERT INTO jugador VALUES(10535, 'Thiago', 'Rodriguez', 'Barbot', TO_DATE('1991-6-18', 'YYYY-MM-DD'),7, 'MEDIOCAMPISTA','URU');
INSERT INTO jugador VALUES(10536, 'V?ctor', 'May', 'Quirici', TO_DATE('1996-7-5', 'YYYY-MM-DD'),8, 'MEDIOCAMPISTA','URU');
INSERT INTO jugador VALUES(10537, 'Guido', 'Mayora', 'Parodi', TO_DATE('1992-6-4', 'YYYY-MM-DD'),9, 'DELANTERO','URU');
INSERT INTO jugador VALUES(10538, 'Joel', 'Rossini', 'Ramos', TO_DATE('1990-11-16', 'YYYY-MM-DD'),10, 'DELANTERO','URU');
INSERT INTO jugador VALUES(10539, 'Bruno', 'Martinez', 'Mendizabal', TO_DATE('1990-6-20', 'YYYY-MM-DD'),11, 'DELANTERO','URU');
INSERT INTO jugador VALUES(10540, 'Edgar', 'Gimenez', 'Lotito', TO_DATE('1988-4-15', 'YYYY-MM-DD'),12, 'PORTERO','URU');
INSERT INTO jugador VALUES(10541, 'Brandon', 'Nives brochi', 'Gonzalez', TO_DATE('1988-12-28', 'YYYY-MM-DD'),13, 'MEDIOCAMPISTA','URU');
INSERT INTO jugador VALUES(10542, 'Jerald', 'Benoit', 'Telechea', TO_DATE('1994-7-12', 'YYYY-MM-DD'),14, 'DEFENSA','URU');
INSERT INTO jugador VALUES(10543, 'Mateo', 'Varela', 'De mattos', TO_DATE('1993-9-27', 'YYYY-MM-DD'),15, 'MEDIOCAMPISTA','URU');
INSERT INTO jugador VALUES(10544, 'Jano', 'Nedor', 'Alzugaray', TO_DATE('1996-3-21', 'YYYY-MM-DD'),16, 'MEDIOCAMPISTA','URU');
INSERT INTO jugador VALUES(10545, 'Gabriel', 'Tapari', 'Acosta', TO_DATE('1989-3-19', 'YYYY-MM-DD'),17, 'DEFENSA','URU');
INSERT INTO jugador VALUES(10546, 'Nil', 'Vezzoso', 'Duarte', TO_DATE('1987-10-22', 'YYYY-MM-DD'),18, 'DEFENSA','URU');
INSERT INTO jugador VALUES(10547, 'Eric', 'Montemurro', 'Fernandez', TO_DATE('1992-3-4', 'YYYY-MM-DD'),19, 'MEDIOCAMPISTA','URU');
INSERT INTO jugador VALUES(10548, 'Noel', 'Castro', 'Maccio', TO_DATE('1988-10-21', 'YYYY-MM-DD'),20, 'MEDIOCAMPISTA','URU');
INSERT INTO jugador VALUES(10549, 'Guim', 'Pongibove', 'Martinez', TO_DATE('1991-12-15', 'YYYY-MM-DD'),21, 'MEDIOCAMPISTA','URU');
INSERT INTO jugador VALUES(10550, 'Yordani', 'Boggio', 'Aparicio', TO_DATE('1996-11-16', 'YYYY-MM-DD'),22, 'PORTERO','URU');
INSERT INTO jugador VALUES(10551, 'Santiago', 'Pessano', 'De nardo', TO_DATE('1989-6-11', 'YYYY-MM-DD'),23, 'DEFENSA','URU');

/* SUECIA */
INSERT INTO jugador VALUES(10552, '?zan', 'Irigaray', 'Inciura', TO_DATE('1986-11-17', 'YYYY-MM-DD'),1, 'PORTERO','SUE');
INSERT INTO jugador VALUES(10553, 'Sergio', 'Goyoaga', 'Sarti', TO_DATE('1994-4-21', 'YYYY-MM-DD'),2, 'DEFENSA','SUE');
INSERT INTO jugador VALUES(10554, 'Eli?n', 'Mangano', 'Etcheverry', TO_DATE('1987-8-26', 'YYYY-MM-DD'),3, 'DEFENSA','SUE');
INSERT INTO jugador VALUES(10555, 'Alain', 'Albino', 'Haedo', TO_DATE('1995-2-10', 'YYYY-MM-DD'),4, 'DEFENSA','SUE');
INSERT INTO jugador VALUES(10556, 'Edgar', 'Estrade', 'Lemole', TO_DATE('1995-9-8', 'YYYY-MM-DD'),5, 'DEFENSA','SUE');
INSERT INTO jugador VALUES(10557, 'Evan', 'Argul', 'Zu?iga', TO_DATE('1992-10-8', 'YYYY-MM-DD'),6, 'MEDIOCAMPISTA','SUE');
INSERT INTO jugador VALUES(10558, 'Joel', 'Penino', 'Ortiz', TO_DATE('1990-11-6', 'YYYY-MM-DD'),7, 'MEDIOCAMPISTA','SUE');
INSERT INTO jugador VALUES(10559, 'Zigor', 'Molinari', 'Linn', TO_DATE('1997-9-9', 'YYYY-MM-DD'),8, 'MEDIOCAMPISTA','SUE');
INSERT INTO jugador VALUES(10560, 'Eithan', 'Szalmian', 'Acu?a', TO_DATE('1991-10-18', 'YYYY-MM-DD'),9, 'DELANTERO','SUE');
INSERT INTO jugador VALUES(10561, 'Yannick', 'Sanchez', 'Alfaro', TO_DATE('1991-12-22', 'YYYY-MM-DD'),10, 'DELANTERO','SUE');
INSERT INTO jugador VALUES(10562, '?ngel', 'Rodriguez', 'Oliveira', TO_DATE('1992-6-3', 'YYYY-MM-DD'),11, 'DELANTERO','SUE');
INSERT INTO jugador VALUES(10563, 'Emiliano', 'Perez', 'Zunino', TO_DATE('1996-1-28', 'YYYY-MM-DD'),12, 'DEFENSA','SUE');
INSERT INTO jugador VALUES(10564, 'Guido', 'Melo', 'Haubman', TO_DATE('1986-1-1', 'YYYY-MM-DD'),13, 'DEFENSA','SUE');
INSERT INTO jugador VALUES(10565, 'Izan', 'Goldschmidt', 'Landoni', TO_DATE('1987-10-26', 'YYYY-MM-DD'),14, 'DEFENSA','SUE');
INSERT INTO jugador VALUES(10566, 'Yannick', 'Asenjo', 'Mu?iz', TO_DATE('1992-12-11', 'YYYY-MM-DD'),15, 'DELANTERO','SUE');
INSERT INTO jugador VALUES(10567, 'Aar?n', 'Galan', 'Porrini', TO_DATE('1996-3-25', 'YYYY-MM-DD'),16, 'DEFENSA','SUE');
INSERT INTO jugador VALUES(10568, 'Santiago', 'De lima', 'Cheveste', TO_DATE('1989-9-21', 'YYYY-MM-DD'),17, 'DELANTERO','SUE');
INSERT INTO jugador VALUES(10569, 'Brandon', 'Ignatencio', 'Saibene', TO_DATE('1991-8-9', 'YYYY-MM-DD'),18, 'MEDIOCAMPISTA','SUE');
INSERT INTO jugador VALUES(10570, 'Guido', 'Martinez', 'Hagopian', TO_DATE('1989-2-23', 'YYYY-MM-DD'),19, 'PORTERO','SUE');
INSERT INTO jugador VALUES(10571, 'Alain', 'Dutra', 'Chiappara', TO_DATE('1988-1-9', 'YYYY-MM-DD'),20, 'MEDIOCAMPISTA','SUE');
INSERT INTO jugador VALUES(10572, 'Yael', 'Fraigola', 'Echenique', TO_DATE('1984-5-20', 'YYYY-MM-DD'),21, 'PORTERO','SUE');
INSERT INTO jugador VALUES(10573, 'Ciro', 'Real', 'Garcia', TO_DATE('1983-3-19', 'YYYY-MM-DD'),22, 'PORTERO','SUE');
INSERT INTO jugador VALUES(10574, 'Arturo', 'Huelmos', 'Ordoli', TO_DATE('1987-11-13', 'YYYY-MM-DD'),23, 'DEFENSA','SUE');

/* BÉLGICA */
INSERT INTO jugador VALUES(10575, 'Alain', 'Garat', 'Britos', TO_DATE('1997-3-25', 'YYYY-MM-DD'),1, 'PORTERO','BEL');
INSERT INTO jugador VALUES(10576, 'Darwin', 'Gonzalez', 'Martinez', TO_DATE('1987-10-12', 'YYYY-MM-DD'),2, 'DEFENSA','BEL');
INSERT INTO jugador VALUES(10577, 'Carlos', 'Setelich', 'Sum', TO_DATE('1988-5-16', 'YYYY-MM-DD'),3, 'DEFENSA','BEL');
INSERT INTO jugador VALUES(10578, 'Sa?l', 'Argento', 'Saliwonchik', TO_DATE('1990-4-14', 'YYYY-MM-DD'),4, 'DEFENSA','BEL');
INSERT INTO jugador VALUES(10579, 'Ricardo', 'Dutra', 'Crispiere', TO_DATE('1986-9-9', 'YYYY-MM-DD'),5, 'DEFENSA','BEL');
INSERT INTO jugador VALUES(10580, 'Miguel', 'Carrasco', 'Servetti', TO_DATE('1992-11-18', 'YYYY-MM-DD'),6, 'MEDIOCAMPISTA','BEL');
INSERT INTO jugador VALUES(10581, 'Barad', 'Tomasini', 'Benavidez', TO_DATE('1983-7-13', 'YYYY-MM-DD'),7, 'MEDIOCAMPISTA','BEL');
INSERT INTO jugador VALUES(10582, 'Emiliano', 'Alonso', 'Ayala', TO_DATE('1996-7-6', 'YYYY-MM-DD'),8, 'MEDIOCAMPISTA','BEL');
INSERT INTO jugador VALUES(10583, 'Lucas', 'Gaona', 'Bertoni', TO_DATE('1996-12-16', 'YYYY-MM-DD'),9, 'DELANTERO','BEL');
INSERT INTO jugador VALUES(10584, 'Andry', 'Destouet', 'Giordan', TO_DATE('1986-10-11', 'YYYY-MM-DD'),10, 'DELANTERO','BEL');
INSERT INTO jugador VALUES(10585, 'Enzo', 'Rodrigueaz', 'Lima', TO_DATE('1987-5-12', 'YYYY-MM-DD'),11, 'DELANTERO','BEL');
INSERT INTO jugador VALUES(10586, 'Mateo', 'Luchelli', 'Alvarez', TO_DATE('1983-12-8', 'YYYY-MM-DD'),12, 'DEFENSA','BEL');
INSERT INTO jugador VALUES(10587, 'Edgar', 'Vila', 'Saint pasteurs', TO_DATE('1997-8-9', 'YYYY-MM-DD'),13, 'MEDIOCAMPISTA','BEL');
INSERT INTO jugador VALUES(10588, 'Santiago', 'Maggiolo', 'Ignatencio', TO_DATE('1992-9-27', 'YYYY-MM-DD'),14, 'MEDIOCAMPISTA','BEL');
INSERT INTO jugador VALUES(10589, 'Yael', 'Scalone', 'Suarez', TO_DATE('1983-8-11', 'YYYY-MM-DD'),15, 'PORTERO','BEL');
INSERT INTO jugador VALUES(10590, 'Noah', 'Arigon', 'Martinez', TO_DATE('1992-1-20', 'YYYY-MM-DD'),16, 'DELANTERO','BEL');
INSERT INTO jugador VALUES(10591, 'Lucho', 'Basso', 'Barreiro', TO_DATE('1990-4-15', 'YYYY-MM-DD'),17, 'DEFENSA','BEL');
INSERT INTO jugador VALUES(10592, 'Izan', 'Barella', 'Calvi?o', TO_DATE('1990-3-17', 'YYYY-MM-DD'),18, 'DELANTERO','BEL');
INSERT INTO jugador VALUES(10593, 'Miguel', 'Rodriguez', 'Bideau', TO_DATE('1983-8-3', 'YYYY-MM-DD'),19, 'MEDIOCAMPISTA','BEL');
INSERT INTO jugador VALUES(10594, 'Trevor', 'Casas', 'Pelufo', TO_DATE('1987-9-2', 'YYYY-MM-DD'),20, 'MEDIOCAMPISTA','BEL');
INSERT INTO jugador VALUES(10595, 'Bastian', 'Echave', 'Gonzalez', TO_DATE('1984-5-17', 'YYYY-MM-DD'),21, 'PORTERO','BEL');
INSERT INTO jugador VALUES(10596, 'Miguel', 'Salgado', 'Silva', TO_DATE('1989-2-24', 'YYYY-MM-DD'),22, 'DELANTERO','BEL');
INSERT INTO jugador VALUES(10597, 'Kenay', 'Zirollo', 'Grassi', TO_DATE('1993-9-21', 'YYYY-MM-DD'),23, 'DEFENSA','BEL');

/* NORUEGA */
INSERT INTO jugador VALUES(10598, 'Barad', 'Alcalde', 'Ferreira', TO_DATE('1994-10-1', 'YYYY-MM-DD'),1, 'PORTERO','NOR');
INSERT INTO jugador VALUES(10599, 'Yordani', 'Cuculie', 'Larrosa', TO_DATE('1990-4-27', 'YYYY-MM-DD'),2, 'DEFENSA','NOR');
INSERT INTO jugador VALUES(10600, '?ngel', 'Chavez', 'Di maggio', TO_DATE('1993-11-15', 'YYYY-MM-DD'),3, 'DEFENSA','NOR');
INSERT INTO jugador VALUES(10601, 'Miguel', 'Cazajous', 'Moraes fuentes', TO_DATE('1990-11-15', 'YYYY-MM-DD'),4, 'DEFENSA','NOR');
INSERT INTO jugador VALUES(10602, 'Darwin', 'Olmos', 'Da silva', TO_DATE('1984-10-22', 'YYYY-MM-DD'),5, 'DEFENSA','NOR');
INSERT INTO jugador VALUES(10603, 'Eric', 'Bonasso', 'Gaona', TO_DATE('1985-10-18', 'YYYY-MM-DD'),6, 'MEDIOCAMPISTA','NOR');
INSERT INTO jugador VALUES(10604, 'Edgar', 'Gonzalez', 'Altman', TO_DATE('1988-6-1', 'YYYY-MM-DD'),7, 'MEDIOCAMPISTA','NOR');
INSERT INTO jugador VALUES(10605, 'Yannick', 'Fraga', 'Vazquez', TO_DATE('1983-6-26', 'YYYY-MM-DD'),8, 'MEDIOCAMPISTA','NOR');
INSERT INTO jugador VALUES(10606, 'Elroy', 'Vidaur', 'Quinteros', TO_DATE('1996-3-5', 'YYYY-MM-DD'),9, 'DELANTERO','NOR');
INSERT INTO jugador VALUES(10607, 'Thiago', 'Guimaraes', 'Echenique', TO_DATE('1989-4-10', 'YYYY-MM-DD'),10, 'DELANTERO','NOR');
INSERT INTO jugador VALUES(10608, 'Guido', 'Tellechea', 'Samudio', TO_DATE('1992-12-10', 'YYYY-MM-DD'),11, 'DELANTERO','NOR');
INSERT INTO jugador VALUES(10609, 'Izan', 'Suarez', 'Rossari', TO_DATE('1989-3-14', 'YYYY-MM-DD'),12, 'PORTERO','NOR');
INSERT INTO jugador VALUES(10610, 'Fabricio', 'Fernandez', 'Calleros', TO_DATE('1993-12-25', 'YYYY-MM-DD'),13, 'MEDIOCAMPISTA','NOR');
INSERT INTO jugador VALUES(10611, 'Habacuc', 'Couto', 'Machado', TO_DATE('1997-1-16', 'YYYY-MM-DD'),14, 'DELANTERO','NOR');
INSERT INTO jugador VALUES(10612, 'Cristian', 'De lima', 'Brit', TO_DATE('1996-10-22', 'YYYY-MM-DD'),15, 'DEFENSA','NOR');
INSERT INTO jugador VALUES(10613, 'Alain', 'Ivanchenko', 'Alvarez', TO_DATE('1992-8-3', 'YYYY-MM-DD'),16, 'MEDIOCAMPISTA','NOR');
INSERT INTO jugador VALUES(10614, 'Dylan', 'Viera', 'Giambiassi', TO_DATE('1992-3-19', 'YYYY-MM-DD'),17, 'DELANTERO','NOR');
INSERT INTO jugador VALUES(10615, 'Noel', 'Buscasso', 'Rodriguez', TO_DATE('1994-9-9', 'YYYY-MM-DD'),18, 'MEDIOCAMPISTA','NOR');
INSERT INTO jugador VALUES(10616, 'Diego', 'Calvo', 'Campos', TO_DATE('1992-7-23', 'YYYY-MM-DD'),19, 'MEDIOCAMPISTA','NOR');
INSERT INTO jugador VALUES(10617, 'Romeo', 'Alonzo', 'Rodriguez', TO_DATE('1988-2-26', 'YYYY-MM-DD'),20, 'DELANTERO','NOR');
INSERT INTO jugador VALUES(10618, '?zan', 'Formoso', 'Pou', TO_DATE('1991-5-25', 'YYYY-MM-DD'),21, 'DEFENSA','NOR');
INSERT INTO jugador VALUES(10619, 'Evan', 'Villaamil', 'Ketenyian', TO_DATE('1993-9-6', 'YYYY-MM-DD'),22, 'DEFENSA','NOR');
INSERT INTO jugador VALUES(10620, 'Sa?l', 'Sandin', 'Castro', TO_DATE('1989-8-14', 'YYYY-MM-DD'),23, 'PORTERO','NOR');

/* FINLANDIA */
INSERT INTO jugador VALUES(10621, 'Sam', 'Piera', 'Mazzula', TO_DATE('1983-7-24', 'YYYY-MM-DD'),1, 'PORTERO','FIN');
INSERT INTO jugador VALUES(10622, 'Edgar', 'Garcia', 'Sebastian', TO_DATE('1996-9-14', 'YYYY-MM-DD'),2, 'DEFENSA','FIN');
INSERT INTO jugador VALUES(10623, 'Adael', 'Quirici', 'Voarino', TO_DATE('1983-10-5', 'YYYY-MM-DD'),3, 'DEFENSA','FIN');
INSERT INTO jugador VALUES(10624, 'Alonso', 'Duarte', 'Naranja', TO_DATE('1987-3-12', 'YYYY-MM-DD'),4, 'DEFENSA','FIN');
INSERT INTO jugador VALUES(10625, 'Alain', 'Montes', 'Lara', TO_DATE('1997-9-24', 'YYYY-MM-DD'),5, 'DEFENSA','FIN');
INSERT INTO jugador VALUES(10626, 'Brandon', 'Lara', 'Arezzo', TO_DATE('1996-4-2', 'YYYY-MM-DD'),6, 'MEDIOCAMPISTA','FIN');
INSERT INTO jugador VALUES(10627, 'Roland', 'Arigon', 'Viera', TO_DATE('1992-4-24', 'YYYY-MM-DD'),7, 'MEDIOCAMPISTA','FIN');
INSERT INTO jugador VALUES(10628, 'Guido', 'Marcona', 'Lopez', TO_DATE('1989-4-20', 'YYYY-MM-DD'),8, 'MEDIOCAMPISTA','FIN');
INSERT INTO jugador VALUES(10629, 'Gabriel', 'Pongibove', 'Acosta', TO_DATE('1995-10-24', 'YYYY-MM-DD'),9, 'DELANTERO','FIN');
INSERT INTO jugador VALUES(10630, 'Sergio', 'Berhquet', 'Carrau', TO_DATE('1991-10-26', 'YYYY-MM-DD'),10, 'DELANTERO','FIN');
INSERT INTO jugador VALUES(10631, 'Jano', 'Guidicelli', 'Daniele', TO_DATE('1994-6-2', 'YYYY-MM-DD'),11, 'DELANTERO','FIN');
INSERT INTO jugador VALUES(10632, 'Romeo', 'Castro', 'Perez', TO_DATE('1986-5-19', 'YYYY-MM-DD'),12, 'PORTERO','FIN');
INSERT INTO jugador VALUES(10633, 'Diego', 'Chango', 'Amaro', TO_DATE('1985-8-25', 'YYYY-MM-DD'),13, 'PORTERO','FIN');
INSERT INTO jugador VALUES(10634, 'Yordani', 'Larumbe', 'Fassio', TO_DATE('1993-3-6', 'YYYY-MM-DD'),14, 'PORTERO','FIN');
INSERT INTO jugador VALUES(10635, 'Sebasti?n', 'Sicco', 'Molinari', TO_DATE('1991-5-2', 'YYYY-MM-DD'),15, 'DEFENSA','FIN');
INSERT INTO jugador VALUES(10636, 'Uriel', 'Figueredo', 'Costa', TO_DATE('1984-11-28', 'YYYY-MM-DD'),16, 'MEDIOCAMPISTA','FIN');
INSERT INTO jugador VALUES(10637, 'Joel', 'Palermo', 'Rodriguez', TO_DATE('1991-5-1', 'YYYY-MM-DD'),17, 'DEFENSA','FIN');
INSERT INTO jugador VALUES(10638, 'Adael', 'Barrera', 'Rovetta', TO_DATE('1983-10-16', 'YYYY-MM-DD'),18, 'MEDIOCAMPISTA','FIN');
INSERT INTO jugador VALUES(10639, 'Evan', 'May', 'Prospero', TO_DATE('1997-9-1', 'YYYY-MM-DD'),19, 'MEDIOCAMPISTA','FIN');
INSERT INTO jugador VALUES(10640, 'Zigor', 'Posada', 'Mier', TO_DATE('1983-10-10', 'YYYY-MM-DD'),20, 'DELANTERO','FIN');
INSERT INTO jugador VALUES(10641, 'Julio', 'Bizera', 'Gravier', TO_DATE('1995-10-4', 'YYYY-MM-DD'),21, 'DEFENSA','FIN');
INSERT INTO jugador VALUES(10642, 'Ciro', 'Rodriguez', 'Rivero', TO_DATE('1984-11-4', 'YYYY-MM-DD'),22, 'DELANTERO','FIN');
INSERT INTO jugador VALUES(10643, 'Edgar', 'Castillo', 'Rodriguez', TO_DATE('1984-9-23', 'YYYY-MM-DD'),23, 'DELANTERO','FIN');

/* ARGENTINA */
INSERT INTO jugador VALUES(10644, 'Ian', 'Busso', 'Stercken', TO_DATE('1987-2-11', 'YYYY-MM-DD'),1, 'PORTERO','ARG');
INSERT INTO jugador VALUES(10645, 'Yannick', 'Villalba', 'Cetrangolo', TO_DATE('1987-4-10', 'YYYY-MM-DD'),2, 'DEFENSA','ARG');
INSERT INTO jugador VALUES(10646, 'Ricardo', 'Tomas', 'Santoro', TO_DATE('1990-6-13', 'YYYY-MM-DD'),3, 'DEFENSA','ARG');
INSERT INTO jugador VALUES(10647, 'Uriel', 'Sanchis', 'Zas', TO_DATE('1984-11-17', 'YYYY-MM-DD'),4, 'DEFENSA','ARG');
INSERT INTO jugador VALUES(10648, 'Aar?n', 'Balletto', 'Dambrosio', TO_DATE('1988-4-24', 'YYYY-MM-DD'),5, 'DEFENSA','ARG');
INSERT INTO jugador VALUES(10649, 'Gael', 'Rodriguez', 'Gomez', TO_DATE('1984-5-28', 'YYYY-MM-DD'),6, 'MEDIOCAMPISTA','ARG');
INSERT INTO jugador VALUES(10650, 'Uriel', 'Miranda', 'Gularte', TO_DATE('1993-5-23', 'YYYY-MM-DD'),7, 'MEDIOCAMPISTA','ARG');
INSERT INTO jugador VALUES(10651, 'Joel', 'Freire', 'Martinez', TO_DATE('1986-4-14', 'YYYY-MM-DD'),8, 'MEDIOCAMPISTA','ARG');
INSERT INTO jugador VALUES(10652, 'Mirt', 'Bertua', 'Viera', TO_DATE('1988-10-9', 'YYYY-MM-DD'),9, 'DELANTERO','ARG');
INSERT INTO jugador VALUES(10653, 'Barad', 'Laguna', 'Garcen', TO_DATE('1984-3-21', 'YYYY-MM-DD'),10, 'DELANTERO','ARG');
INSERT INTO jugador VALUES(10654, 'Edgar', 'Damino', 'Sandoval', TO_DATE('1989-3-5', 'YYYY-MM-DD'),11, 'DELANTERO','ARG');
INSERT INTO jugador VALUES(10655, 'Guim', 'Gargano', 'Echavarren', TO_DATE('1983-6-7', 'YYYY-MM-DD'),12, 'MEDIOCAMPISTA','ARG');
INSERT INTO jugador VALUES(10656, 'Andry', 'Dovat', 'Cesar', TO_DATE('1994-9-7', 'YYYY-MM-DD'),13, 'MEDIOCAMPISTA','ARG');
INSERT INTO jugador VALUES(10657, 'Noel', 'Zirollo', 'Gallo', TO_DATE('1992-10-9', 'YYYY-MM-DD'),14, 'DELANTERO','ARG');
INSERT INTO jugador VALUES(10658, 'Sean', 'Palumbo', 'Gutierrez', TO_DATE('1985-1-21', 'YYYY-MM-DD'),15, 'DELANTERO','ARG');
INSERT INTO jugador VALUES(10659, 'Yannick', 'Singlet', 'Wasser', TO_DATE('1987-1-21', 'YYYY-MM-DD'),16, 'DELANTERO','ARG');
INSERT INTO jugador VALUES(10660, 'Eli?n', 'Almenar', 'Dominguez', TO_DATE('1986-2-25', 'YYYY-MM-DD'),17, 'DELANTERO','ARG');
INSERT INTO jugador VALUES(10661, 'Guido', 'Vita', 'Acosta', TO_DATE('1990-5-5', 'YYYY-MM-DD'),18, 'PORTERO','ARG');
INSERT INTO jugador VALUES(10662, 'Zigor', 'Herrera', 'Acu?a', TO_DATE('1986-1-1', 'YYYY-MM-DD'),19, 'PORTERO','ARG');
INSERT INTO jugador VALUES(10663, 'Noah', 'Servetti', 'Mendaro', TO_DATE('1997-12-21', 'YYYY-MM-DD'),20, 'DEFENSA','ARG');
INSERT INTO jugador VALUES(10664, 'Uriel', 'Coscia', 'Sonderegger', TO_DATE('1995-1-11', 'YYYY-MM-DD'),21, 'DEFENSA','ARG');
INSERT INTO jugador VALUES(10665, 'Mario', 'Mena', 'Ma?ana', TO_DATE('1989-6-1', 'YYYY-MM-DD'),22, 'PORTERO','ARG');
INSERT INTO jugador VALUES(10666, 'Mirt', 'Gonzalez', 'Rodriguez', TO_DATE('1984-2-18', 'YYYY-MM-DD'),23, 'PORTERO','ARG');

/* IRLANDA */
INSERT INTO jugador VALUES(10667, 'Sam', 'Salles', 'Ghazarian', TO_DATE('1985-4-8', 'YYYY-MM-DD'),1, 'PORTERO','IRL');
INSERT INTO jugador VALUES(10668, 'Zigor', 'Cabral', 'Peirano', TO_DATE('1990-3-16', 'YYYY-MM-DD'),2, 'DEFENSA','IRL');
INSERT INTO jugador VALUES(10669, 'Bastian', 'Gonzalez', 'Szalmian', TO_DATE('1990-5-10', 'YYYY-MM-DD'),3, 'DEFENSA','IRL');
INSERT INTO jugador VALUES(10670, 'Yannick', 'Apesteguy', 'Martinez', TO_DATE('1997-7-1', 'YYYY-MM-DD'),4, 'DEFENSA','IRL');
INSERT INTO jugador VALUES(10671, 'Noel', 'Serron', 'Alonso', TO_DATE('1984-2-16', 'YYYY-MM-DD'),5, 'DEFENSA','IRL');
INSERT INTO jugador VALUES(10672, 'Noel', 'Alvarez', 'Bonilla', TO_DATE('1992-5-9', 'YYYY-MM-DD'),6, 'MEDIOCAMPISTA','IRL');
INSERT INTO jugador VALUES(10673, 'Mateo', 'Latorre', 'Silveira', TO_DATE('1996-12-24', 'YYYY-MM-DD'),7, 'MEDIOCAMPISTA','IRL');
INSERT INTO jugador VALUES(10674, 'Ricardo', 'Bruno', 'Gallo', TO_DATE('1992-6-26', 'YYYY-MM-DD'),8, 'MEDIOCAMPISTA','IRL');
INSERT INTO jugador VALUES(10675, 'Ezequiel', 'Iribarne', 'Lopez', TO_DATE('1991-9-18', 'YYYY-MM-DD'),9, 'DELANTERO','IRL');
INSERT INTO jugador VALUES(10676, 'Trevor', 'Dodera', 'Cabrera', TO_DATE('1986-10-24', 'YYYY-MM-DD'),10, 'DELANTERO','IRL');
INSERT INTO jugador VALUES(10677, 'Brandon', 'Guazzo', 'Gonzalez', TO_DATE('1989-11-16', 'YYYY-MM-DD'),11, 'DELANTERO','IRL');
INSERT INTO jugador VALUES(10678, 'Barad', 'Gallo', 'Satana', TO_DATE('1993-1-25', 'YYYY-MM-DD'),12, 'DEFENSA','IRL');
INSERT INTO jugador VALUES(10679, 'Fabricio', 'Cernadas', 'Ponce de leon', TO_DATE('1987-2-19', 'YYYY-MM-DD'),13, 'DEFENSA','IRL');
INSERT INTO jugador VALUES(10680, 'Gabriel', 'Paredes', 'Hebeich', TO_DATE('1991-10-3', 'YYYY-MM-DD'),14, 'DELANTERO','IRL');
INSERT INTO jugador VALUES(10681, 'Dylan', 'Laguna', 'Montemurro', TO_DATE('1984-10-25', 'YYYY-MM-DD'),15, 'PORTERO','IRL');
INSERT INTO jugador VALUES(10682, 'Kenay', 'Bello', 'Perez', TO_DATE('1990-1-9', 'YYYY-MM-DD'),16, 'MEDIOCAMPISTA','IRL');
INSERT INTO jugador VALUES(10683, 'Kenay', 'Medina', 'Lourido', TO_DATE('1983-3-10', 'YYYY-MM-DD'),17, 'DELANTERO','IRL');
INSERT INTO jugador VALUES(10684, 'Santiago', 'Diaz', 'Arezzo', TO_DATE('1992-5-24', 'YYYY-MM-DD'),18, 'PORTERO','IRL');
INSERT INTO jugador VALUES(10685, 'Juan', 'Abella', 'Zenande', TO_DATE('1983-12-16', 'YYYY-MM-DD'),19, 'DEFENSA','IRL');
INSERT INTO jugador VALUES(10686, 'Jerald', 'Sanchez', 'Ferreira', TO_DATE('1990-2-5', 'YYYY-MM-DD'),20, 'DELANTERO','IRL');
INSERT INTO jugador VALUES(10687, 'Irvin', 'Marchesoni', 'Giordan', TO_DATE('1987-3-14', 'YYYY-MM-DD'),21, 'DELANTERO','IRL');
INSERT INTO jugador VALUES(10688, '?zan', 'Scalone', 'Teske', TO_DATE('1989-3-5', 'YYYY-MM-DD'),22, 'MEDIOCAMPISTA','IRL');
INSERT INTO jugador VALUES(10689, 'Mateo', 'Gonzalez', 'Cabrera', TO_DATE('1997-6-25', 'YYYY-MM-DD'),23, 'DELANTERO','IRL');

/* FRANCIA */
INSERT INTO jugador VALUES(10690, 'Jerald', 'Prando', 'Ordeig', TO_DATE('1996-4-10', 'YYYY-MM-DD'),1, 'PORTERO','FRA');
INSERT INTO jugador VALUES(10691, 'Adael', 'Pons', 'Garcia', TO_DATE('1997-7-21', 'YYYY-MM-DD'),2, 'DEFENSA','FRA');
INSERT INTO jugador VALUES(10692, 'Jerald', 'Abella', 'Igune', TO_DATE('1993-10-4', 'YYYY-MM-DD'),3, 'DEFENSA','FRA');
INSERT INTO jugador VALUES(10693, 'Jerald', 'Guazzo', 'Danree', TO_DATE('1995-9-26', 'YYYY-MM-DD'),4, 'DEFENSA','FRA');
INSERT INTO jugador VALUES(10694, 'Roberto', 'Pereira', 'Martinez', TO_DATE('1987-10-19', 'YYYY-MM-DD'),5, 'DEFENSA','FRA');
INSERT INTO jugador VALUES(10695, 'Zigor', 'Liotti', 'Telechea', TO_DATE('1997-5-9', 'YYYY-MM-DD'),6, 'MEDIOCAMPISTA','FRA');
INSERT INTO jugador VALUES(10696, 'Guido', 'Oliver', 'Villoz', TO_DATE('1994-9-3', 'YYYY-MM-DD'),7, 'MEDIOCAMPISTA','FRA');
INSERT INTO jugador VALUES(10697, 'Evan', 'Pe?a', 'Pollero', TO_DATE('1985-3-24', 'YYYY-MM-DD'),8, 'MEDIOCAMPISTA','FRA');
INSERT INTO jugador VALUES(10698, 'Gael', 'Ferreiro', 'Cabrera', TO_DATE('1986-8-11', 'YYYY-MM-DD'),9, 'DELANTERO','FRA');
INSERT INTO jugador VALUES(10699, 'Alonso', 'Baubeta', 'Llano', TO_DATE('1990-1-22', 'YYYY-MM-DD'),10, 'DELANTERO','FRA');
INSERT INTO jugador VALUES(10700, 'Fabricio', 'Mendiola', 'Piriz', TO_DATE('1996-3-24', 'YYYY-MM-DD'),11, 'DELANTERO','FRA');
INSERT INTO jugador VALUES(10701, 'Roland', 'Pons', 'Mattio', TO_DATE('1997-1-24', 'YYYY-MM-DD'),12, 'DELANTERO','FRA');
INSERT INTO jugador VALUES(10702, 'Uriel', 'Arrarte', 'Santos', TO_DATE('1983-2-10', 'YYYY-MM-DD'),13, 'MEDIOCAMPISTA','FRA');
INSERT INTO jugador VALUES(10703, 'Guido', 'Castillo', 'Martinez', TO_DATE('1990-11-15', 'YYYY-MM-DD'),14, 'PORTERO','FRA');
INSERT INTO jugador VALUES(10704, 'Santiago', 'Pino', 'Vidal', TO_DATE('1990-8-4', 'YYYY-MM-DD'),15, 'DEFENSA','FRA');
INSERT INTO jugador VALUES(10705, 'Eric', 'Marchesoni', 'Del puerto', TO_DATE('1984-11-18', 'YYYY-MM-DD'),16, 'PORTERO','FRA');
INSERT INTO jugador VALUES(10706, 'Edgar', 'Fernandez', 'Cabrera', TO_DATE('1996-6-4', 'YYYY-MM-DD'),17, 'MEDIOCAMPISTA','FRA');
INSERT INTO jugador VALUES(10707, 'Sam', 'Bertola', 'Blengio', TO_DATE('1994-12-25', 'YYYY-MM-DD'),18, 'MEDIOCAMPISTA','FRA');
INSERT INTO jugador VALUES(10708, 'Ariel', 'Refresquini', 'Martinez', TO_DATE('1986-8-25', 'YYYY-MM-DD'),19, 'PORTERO','FRA');
INSERT INTO jugador VALUES(10709, 'Jerald', 'Caceres', 'Klaps', TO_DATE('1996-11-25', 'YYYY-MM-DD'),20, 'DEFENSA','FRA');
INSERT INTO jugador VALUES(10710, 'Sa?l', 'Sosa', 'Gonzalez', TO_DATE('1989-9-13', 'YYYY-MM-DD'),21, 'MEDIOCAMPISTA','FRA');
INSERT INTO jugador VALUES(10711, 'Thiago', 'Benitez', 'Bacci', TO_DATE('1988-11-10', 'YYYY-MM-DD'),22, 'MEDIOCAMPISTA','FRA');
INSERT INTO jugador VALUES(10712, 'Sergio', 'Gonzalez', 'De souza', TO_DATE('1996-6-17', 'YYYY-MM-DD'),23, 'DELANTERO','FRA');

/* CHILE */
INSERT INTO jugador VALUES(10713, 'Darwin', 'Saralegui', 'La ruina', TO_DATE('1992-10-17', 'YYYY-MM-DD'),1, 'PORTERO','CHI');
INSERT INTO jugador VALUES(10714, 'Lucho', 'Canessa', 'Ma?ana', TO_DATE('1985-8-18', 'YYYY-MM-DD'),2, 'DEFENSA','CHI');
INSERT INTO jugador VALUES(10715, 'Kenay', 'Montemurro', 'Perez', TO_DATE('1989-5-24', 'YYYY-MM-DD'),3, 'DEFENSA','CHI');
INSERT INTO jugador VALUES(10716, 'Roberto', 'Machado', 'Bonfiglio', TO_DATE('1992-6-14', 'YYYY-MM-DD'),4, 'DEFENSA','CHI');
INSERT INTO jugador VALUES(10717, 'Ian', 'Tapia', 'Gonzalez', TO_DATE('1994-5-23', 'YYYY-MM-DD'),5, 'DEFENSA','CHI');
INSERT INTO jugador VALUES(10718, 'Miguel', 'Guggeri', 'Mariani', TO_DATE('1986-12-24', 'YYYY-MM-DD'),6, 'MEDIOCAMPISTA','CHI');
INSERT INTO jugador VALUES(10719, 'Mateo', 'Buroni', 'Vazquez', TO_DATE('1986-6-15', 'YYYY-MM-DD'),7, 'MEDIOCAMPISTA','CHI');
INSERT INTO jugador VALUES(10720, 'Adael', 'Alvarez', 'Carballo', TO_DATE('1983-11-25', 'YYYY-MM-DD'),8, 'MEDIOCAMPISTA','CHI');
INSERT INTO jugador VALUES(10721, 'Mirt', 'Gonzalez', 'Ricceto', TO_DATE('1993-1-24', 'YYYY-MM-DD'),9, 'DELANTERO','CHI');
INSERT INTO jugador VALUES(10722, 'Kenay', 'Martinez', 'Szalmian', TO_DATE('1995-7-15', 'YYYY-MM-DD'),10, 'DELANTERO','CHI');
INSERT INTO jugador VALUES(10723, 'Acfred', 'Sepilov', 'Danree', TO_DATE('1995-10-10', 'YYYY-MM-DD'),11, 'DELANTERO','CHI');
INSERT INTO jugador VALUES(10724, 'Gael', 'Inda', 'Smith', TO_DATE('1989-2-27', 'YYYY-MM-DD'),12, 'MEDIOCAMPISTA','CHI');
INSERT INTO jugador VALUES(10725, 'Jano', 'Recuero', 'Soria', TO_DATE('1989-8-8', 'YYYY-MM-DD'),13, 'MEDIOCAMPISTA','CHI');
INSERT INTO jugador VALUES(10726, 'Areu', 'Calvi?o', 'Casal', TO_DATE('1988-3-22', 'YYYY-MM-DD'),14, 'PORTERO','CHI');
INSERT INTO jugador VALUES(10727, 'Barad', 'Gordillo', 'Brambillasca', TO_DATE('1985-6-20', 'YYYY-MM-DD'),15, 'MEDIOCAMPISTA','CHI');
INSERT INTO jugador VALUES(10728, 'Yordani', 'Rocca', 'Gammarano', TO_DATE('1984-6-19', 'YYYY-MM-DD'),16, 'PORTERO','CHI');
INSERT INTO jugador VALUES(10729, 'Evan', 'Magnano', 'Amarillo', TO_DATE('1988-5-20', 'YYYY-MM-DD'),17, 'DEFENSA','CHI');
INSERT INTO jugador VALUES(10730, 'Leo', 'Mayero', 'Martinez', TO_DATE('1984-12-8', 'YYYY-MM-DD'),18, 'DEFENSA','CHI');
INSERT INTO jugador VALUES(10731, 'Brandon', 'Hebeich', 'Sayas', TO_DATE('1984-8-19', 'YYYY-MM-DD'),19, 'DEFENSA','CHI');
INSERT INTO jugador VALUES(10732, 'Thiago', 'Macedo', 'Iba?ez', TO_DATE('1991-5-16', 'YYYY-MM-DD'),20, 'PORTERO','CHI');
INSERT INTO jugador VALUES(10733, 'Noel', 'Tapie', 'Caputto', TO_DATE('1991-9-19', 'YYYY-MM-DD'),21, 'MEDIOCAMPISTA','CHI');
INSERT INTO jugador VALUES(10734, 'Trevor', 'Tessadri', 'De leon', TO_DATE('1997-2-16', 'YYYY-MM-DD'),22, 'PORTERO','CHI');
INSERT INTO jugador VALUES(10735, 'Cristian', 'Lopez', 'Moraes', TO_DATE('1995-7-20', 'YYYY-MM-DD'),23, 'PORTERO','CHI');



/*INSERSIÓN DE DATOS DE LOS ENTRENADORES*/
INSERT INTO entrenador VALUES(20000, 'Uriel', 'Andina', 'Nasta', TO_DATE('1965-5-4', 'YYYY-MM-DD'),'Anguila', TO_DATE('2011-7-8','YYYY-MM-DD'),'CIV');
INSERT INTO entrenador VALUES(20001, 'Iol', 'Semblat', 'Patrone', TO_DATE('1970-6-6', 'YYYY-MM-DD'),'Eslovaquia', TO_DATE('2014-3-7','YYYY-MM-DD'),'ITA');
INSERT INTO entrenador VALUES(20002, 'Yannick', 'Arrieta', 'Pereira', TO_DATE('1971-4-28', 'YYYY-MM-DD'),'Tayikistán', TO_DATE('2011-8-21','YYYY-MM-DD'),'UKR');
INSERT INTO entrenador VALUES(20003, 'Elroy', 'Corbo', 'Perez', TO_DATE('1970-9-18', 'YYYY-MM-DD'),'Sierra Leona', TO_DATE('2014-7-3','YYYY-MM-DD'),'CRC');
INSERT INTO entrenador VALUES(20004, 'Guido', 'Caula', 'Pereyra', TO_DATE('1969-6-26', 'YYYY-MM-DD'),'Mayotte', TO_DATE('2012-7-23','YYYY-MM-DD'),'CND');
INSERT INTO entrenador VALUES(20005, 'Julio', 'Costa', 'Martinotti', TO_DATE('1963-3-14', 'YYYY-MM-DD'),'México', TO_DATE('2015-2-14','YYYY-MM-DD'),'ALE');
INSERT INTO entrenador VALUES(20006, 'Romeo', 'Fernandez', 'Cruz', TO_DATE('1966-11-9', 'YYYY-MM-DD'),'Suiza', TO_DATE('2012-5-13','YYYY-MM-DD'),'MEX');
INSERT INTO entrenador VALUES(20007, 'Barad', 'Gollardia', 'Da silva', TO_DATE('1977-6-18', 'YYYY-MM-DD'),'Polinesia Francesa', TO_DATE('2011-7-17','YYYY-MM-DD'),'SUD');
INSERT INTO entrenador VALUES(20008, 'Uriel', 'Araujo', 'Costa', TO_DATE('1965-6-26', 'YYYY-MM-DD'),'Lituania', TO_DATE('2008-11-15','YYYY-MM-DD'),'BRA');
INSERT INTO entrenador VALUES(20009, 'Lucho', 'Perez', 'Ferreira', TO_DATE('1975-3-10', 'YYYY-MM-DD'),'Irlanda', TO_DATE('2013-3-16','YYYY-MM-DD'),'HNG');
INSERT INTO entrenador VALUES(20010, 'Juan', 'Penco', 'Guardia', TO_DATE('1973-9-26', 'YYYY-MM-DD'),'Argentina', TO_DATE('2009-7-24','YYYY-MM-DD'),'COL');
INSERT INTO entrenador VALUES(20011, 'Lucas', 'Lassalle', 'Maisonave', TO_DATE('1967-8-15', 'YYYY-MM-DD'),'Congo', TO_DATE('2017-3-20','YYYY-MM-DD'),'NED');
INSERT INTO entrenador VALUES(20012, 'Eros', 'Cazajous', 'Oberlin', TO_DATE('1977-5-4', 'YYYY-MM-DD'),'Chile', TO_DATE('2017-4-18','YYYY-MM-DD'),'USA');
INSERT INTO entrenador VALUES(20013, 'Andrés', 'Goldaracena', 'Ibiñete', TO_DATE('1973-8-22', 'YYYY-MM-DD'),'Moldavia', TO_DATE('2012-4-23','YYYY-MM-DD'),'VNZ');
INSERT INTO entrenador VALUES(20014, 'Sebastián', 'Arrieta', 'Gonzalez', TO_DATE('1964-12-14', 'YYYY-MM-DD'),'Wake Island', TO_DATE('2009-12-18','YYYY-MM-DD'),'PAN');
INSERT INTO entrenador VALUES(20015, 'Iol', 'Pardiñas', 'Rossari', TO_DATE('1967-6-10', 'YYYY-MM-DD'),'Bahamas', TO_DATE('2009-2-7','YYYY-MM-DD'),'EGP');
INSERT INTO entrenador VALUES(20016, 'Mateo', 'Salgado', 'Marchi', TO_DATE('1982-4-28', 'YYYY-MM-DD'),'Uganda', TO_DATE('2008-8-19','YYYY-MM-DD'),'POR');
INSERT INTO entrenador VALUES(20017, 'Jerald', 'Larrosa', 'Moreira', TO_DATE('1982-2-3', 'YYYY-MM-DD'),'Chipre', TO_DATE('2009-11-3','YYYY-MM-DD'),'PAR');
INSERT INTO entrenador VALUES(20018, 'Ciro', 'Borba', 'Bounous', TO_DATE('1979-10-12', 'YYYY-MM-DD'),'Sudáfrica', TO_DATE('2014-1-20','YYYY-MM-DD'),'ESP');
INSERT INTO entrenador VALUES(20019, 'Lucho', 'Noble', 'Gutierrez', TO_DATE('1963-10-13', 'YYYY-MM-DD'),'Uganda', TO_DATE('2009-11-11','YYYY-MM-DD'),'PER');
INSERT INTO entrenador VALUES(20020, 'Eloy', 'Teibo', 'Martinez', TO_DATE('1966-7-6', 'YYYY-MM-DD'),'Venezuela', TO_DATE('2013-8-1','YYYY-MM-DD'),'NIG');
INSERT INTO entrenador VALUES(20021, 'Darwin', 'Arredondas', 'Nedor', TO_DATE('1964-6-10', 'YYYY-MM-DD'),'Canadá', TO_DATE('2012-6-5','YYYY-MM-DD'),'AUS');
INSERT INTO entrenador VALUES(20022, 'Trevor', 'Prates', 'Garcia', TO_DATE('1971-1-14', 'YYYY-MM-DD'),'Sáhara Occidental', TO_DATE('2012-9-4','YYYY-MM-DD'),'SUI');
INSERT INTO entrenador VALUES(20023, 'Areu', 'Alonso', 'Nuñez', TO_DATE('1979-9-20', 'YYYY-MM-DD'),'Malí', TO_DATE('2009-6-28','YYYY-MM-DD'),'URU');
INSERT INTO entrenador VALUES(20024, 'Marco', 'Barella', 'Benoit', TO_DATE('1977-6-2', 'YYYY-MM-DD'),'Panamá', TO_DATE('2015-11-9','YYYY-MM-DD'),'SUE');
INSERT INTO entrenador VALUES(20025, 'Guim', 'Vazquez', 'Rodriguez', TO_DATE('1977-3-5', 'YYYY-MM-DD'),'Venezuela', TO_DATE('2015-5-20','YYYY-MM-DD'),'BEL');
INSERT INTO entrenador VALUES(20026, 'Brandon', 'Grassi', 'Goro', TO_DATE('1963-10-19', 'YYYY-MM-DD'),'Bielorrusia', TO_DATE('2011-2-5','YYYY-MM-DD'),'NOR');
INSERT INTO entrenador VALUES(20027, 'Santiago', 'Preti', 'Costa', TO_DATE('1968-1-27', 'YYYY-MM-DD'),'Suazilandia', TO_DATE('2017-12-2','YYYY-MM-DD'),'FIN');
INSERT INTO entrenador VALUES(20028, 'Noah', 'De lima', 'Marchesoni', TO_DATE('1963-12-25', 'YYYY-MM-DD'),'Antártida', TO_DATE('2010-8-19','YYYY-MM-DD'),'ARG');
INSERT INTO entrenador VALUES(20029, 'Lucas', 'Lucas', 'Galeano', TO_DATE('1964-6-15', 'YYYY-MM-DD'),'Wake Island', TO_DATE('2011-10-5','YYYY-MM-DD'),'IRL');
INSERT INTO entrenador VALUES(20030, 'Evan', 'Moroy', 'Fernandez', TO_DATE('1982-4-9', 'YYYY-MM-DD'),'Costa de Marfil', TO_DATE('2017-3-28','YYYY-MM-DD'),'FRA');
INSERT INTO entrenador VALUES(20031, 'Acfred', 'Aboal', 'Irigoyen', TO_DATE('1965-5-11', 'YYYY-MM-DD'),'Guinea-Bissau', TO_DATE('2017-8-21','YYYY-MM-DD'),'CHI');



/*INSERTAR DATOS DE ASISTENTES*/
INSERT INTO asistente VALUES(30000, 'Mateo', 'Rusiñol', 'Foliadoso', TO_DATE('1967-8-16','YYYY-MM-DD'), 'Suecia', TO_DATE('2011-8-5','YYYY-MM-DD') , 'TÉCNICO', 20001);
INSERT INTO asistente VALUES(30001, 'Edgar', 'Rosales', 'Hackembruch', TO_DATE('1970-7-22','YYYY-MM-DD'), 'Libia', TO_DATE('2017-1-15','YYYY-MM-DD') , 'PREPARADOR FÍSICO', 20001);
INSERT INTO asistente VALUES(30002, 'Dylan', 'Soto', 'Echavarria', TO_DATE('1969-3-3','YYYY-MM-DD'), 'Hungría', TO_DATE('2013-11-16','YYYY-MM-DD') , 'MÉDICO', 20001);
INSERT INTO asistente VALUES(30003, 'Habacuc', 'Sena', 'Abero', TO_DATE('1975-7-6','YYYY-MM-DD'), 'Sudán', TO_DATE('2010-10-18','YYYY-MM-DD') , 'PSICÓLOGO', 20001);
INSERT INTO asistente VALUES(30004, 'Bastian', 'Musetti', 'Telechea', TO_DATE('1977-9-25','YYYY-MM-DD'), 'Burkina Faso', TO_DATE('2017-10-14','YYYY-MM-DD') , 'NUTRICIONISTA', 20001);
INSERT INTO asistente VALUES(30005, 'Ezequiel', 'Arcos', 'Sepulveda', TO_DATE('1968-1-22','YYYY-MM-DD'), 'Uruguay', TO_DATE('2011-3-24','YYYY-MM-DD') , 'ADMINISTRATIVO', 20001);
INSERT INTO asistente VALUES(30006, 'Yannick', 'Santa cruz', 'Acuña', TO_DATE('1975-3-20','YYYY-MM-DD'), 'Océano Indico', TO_DATE('2012-2-12','YYYY-MM-DD') , 'DELEGADO', 20001);
INSERT INTO asistente VALUES(30007, 'Cristian', 'Diez', 'Curiel', TO_DATE('1982-4-11','YYYY-MM-DD'), 'República Checa', TO_DATE('2009-6-21','YYYY-MM-DD') , 'TÉCNICO', 20002);
INSERT INTO asistente VALUES(30008, 'Noel', 'Wasser', 'Sastre', TO_DATE('1977-8-22','YYYY-MM-DD'), 'Túnez', TO_DATE('2010-5-9','YYYY-MM-DD') , 'PREPARADOR FÍSICO', 20002);
INSERT INTO asistente VALUES(30009, 'Brandon', 'Silva', 'Cedres', TO_DATE('1968-2-22','YYYY-MM-DD'), 'Países Bajos', TO_DATE('2013-11-18','YYYY-MM-DD') , 'MÉDICO', 20002);
INSERT INTO asistente VALUES(30010, 'Mateo', 'Carrera', 'Rodriguez', TO_DATE('1981-11-22','YYYY-MM-DD'), 'República africana', TO_DATE('2017-12-1','YYYY-MM-DD') , 'PSICÓLOGO', 20002);
INSERT INTO asistente VALUES(30011, 'Izan', 'Huidobro', 'Marchesoni', TO_DATE('1964-5-20','YYYY-MM-DD'), 'Chad', TO_DATE('2011-3-14','YYYY-MM-DD') , 'NUTRICIONISTA', 20002);
INSERT INTO asistente VALUES(30012, 'Milos', 'Golan', 'Rodriguez', TO_DATE('1971-7-25','YYYY-MM-DD'), 'Islas Malvinas', TO_DATE('2014-3-4','YYYY-MM-DD') , 'ADMINISTRATIVO', 20002);
INSERT INTO asistente VALUES(30013, 'Saúl', 'Lopez', 'Echavarria', TO_DATE('1971-1-16','YYYY-MM-DD'), 'Groenlandia', TO_DATE('2014-12-25','YYYY-MM-DD') , 'DELEGADO', 20002);
INSERT INTO asistente VALUES(30014, 'Alonso', 'Caceres', 'Aboal', TO_DATE('1970-6-20','YYYY-MM-DD'), 'Libia', TO_DATE('2011-2-20','YYYY-MM-DD') , 'TÉCNICO', 20003);
INSERT INTO asistente VALUES(30015, 'Mirt', 'Rosa', 'Listur', TO_DATE('1966-3-21','YYYY-MM-DD'), 'Territorios', TO_DATE('2015-10-24','YYYY-MM-DD') , 'PREPARADOR FÍSICO', 20003);
INSERT INTO asistente VALUES(30016, 'Ricardo', 'Sander', 'Schwarz', TO_DATE('1972-3-8','YYYY-MM-DD'), 'Nigeria', TO_DATE('2011-9-17','YYYY-MM-DD') , 'MÉDICO', 20003);
INSERT INTO asistente VALUES(30017, 'Mateo', 'Gonzalez', 'Perez', TO_DATE('1965-1-11','YYYY-MM-DD'), 'Austria', TO_DATE('2008-8-9','YYYY-MM-DD') , 'PSICÓLOGO', 20003);
INSERT INTO asistente VALUES(30018, 'Irvin', 'Arigon', 'Alfaro', TO_DATE('1976-7-2','YYYY-MM-DD'), 'Malí', TO_DATE('2011-8-18','YYYY-MM-DD') , 'NUTRICIONISTA', 20003);
INSERT INTO asistente VALUES(30019, 'Sean', 'Arocena', 'Macagno', TO_DATE('1967-7-23','YYYY-MM-DD'), 'Senegal', TO_DATE('2008-2-6','YYYY-MM-DD') , 'ADMINISTRATIVO', 20003);
INSERT INTO asistente VALUES(30020, 'Evan', 'Daniele', 'De mattos', TO_DATE('1965-4-11','YYYY-MM-DD'), 'Panamá', TO_DATE('2014-2-26','YYYY-MM-DD') , 'DELEGADO', 20003);
INSERT INTO asistente VALUES(30021, 'Alonso', 'Algorta', 'Mangino', TO_DATE('1979-12-15','YYYY-MM-DD'), 'Mayotte', TO_DATE('2011-7-14','YYYY-MM-DD') , 'TÉCNICO', 20004);
INSERT INTO asistente VALUES(30022, 'Andry', 'Garcia', 'Felipez', TO_DATE('1979-1-28','YYYY-MM-DD'), 'Yibuti', TO_DATE('2013-1-21','YYYY-MM-DD') , 'PREPARADOR FÍSICO', 20004);
INSERT INTO asistente VALUES(30023, 'Barad', 'Ferreira', 'Araujo', TO_DATE('1981-3-13','YYYY-MM-DD'), 'Honduras', TO_DATE('2017-2-2','YYYY-MM-DD') , 'MÉDICO', 20004);
INSERT INTO asistente VALUES(30024, 'Alain', 'De los santos', 'Dovat', TO_DATE('1974-2-21','YYYY-MM-DD'), 'Antigua y Barbuda', TO_DATE('2017-12-14','YYYY-MM-DD') , 'PSICÓLOGO', 20004);
INSERT INTO asistente VALUES(30025, 'Acfred', 'Barreto', 'Lucas', TO_DATE('1967-9-1','YYYY-MM-DD'), 'Madagascar', TO_DATE('2016-9-7','YYYY-MM-DD') , 'NUTRICIONISTA', 20004);
INSERT INTO asistente VALUES(30026, 'Edgar', 'Aljas aissi', 'Netto', TO_DATE('1964-11-7','YYYY-MM-DD'), 'Dhekelia', TO_DATE('2009-10-19','YYYY-MM-DD') , 'ADMINISTRATIVO', 20004);
INSERT INTO asistente VALUES(30027, 'Dylan', 'Laborde', 'Martinez', TO_DATE('1964-10-13','YYYY-MM-DD'), 'Liberia', TO_DATE('2008-10-1','YYYY-MM-DD') , 'DELEGADO', 20004);
INSERT INTO asistente VALUES(30028, 'Ízan', 'Freire', 'Zangari', TO_DATE('1968-11-8','YYYY-MM-DD'), 'Granada', TO_DATE('2012-1-16','YYYY-MM-DD') , 'TÉCNICO', 20005);
INSERT INTO asistente VALUES(30029, 'Víctor', 'Arrieta', 'Cañabate', TO_DATE('1975-8-10','YYYY-MM-DD'), 'Alemania', TO_DATE('2015-9-21','YYYY-MM-DD') , 'PREPARADOR FÍSICO', 20005);
INSERT INTO asistente VALUES(30030, 'Ízan', 'Bonjour', 'De la fuente', TO_DATE('1973-5-25','YYYY-MM-DD'), 'Turquía', TO_DATE('2012-9-24','YYYY-MM-DD') , 'MÉDICO', 20005);
INSERT INTO asistente VALUES(30031, 'Yordani', 'Porchile', 'Ameal', TO_DATE('1976-1-10','YYYY-MM-DD'), 'Congo', TO_DATE('2009-6-25','YYYY-MM-DD') , 'PSICÓLOGO', 20005);
INSERT INTO asistente VALUES(30032, 'Andrés', 'Ferraro', 'Amy', TO_DATE('1981-12-9','YYYY-MM-DD'), 'Islas Turcas', TO_DATE('2010-2-10','YYYY-MM-DD') , 'NUTRICIONISTA', 20005);
INSERT INTO asistente VALUES(30033, 'Juan', 'Correa', 'Velazquez', TO_DATE('1975-1-24','YYYY-MM-DD'), 'Guyana', TO_DATE('2012-3-15','YYYY-MM-DD') , 'ADMINISTRATIVO', 20005);
INSERT INTO asistente VALUES(30034, 'Tiziano', 'Alvarez', 'Bravo', TO_DATE('1978-5-17','YYYY-MM-DD'), 'Benín', TO_DATE('2017-7-13','YYYY-MM-DD') , 'DELEGADO', 20005);
INSERT INTO asistente VALUES(30035, 'Iol', 'Farolini', 'Suarez', TO_DATE('1978-3-26','YYYY-MM-DD'), 'Rumania', TO_DATE('2009-12-2','YYYY-MM-DD') , 'TÉCNICO', 20006);
INSERT INTO asistente VALUES(30036, 'Brandon', 'Mattio', 'Travieso', TO_DATE('1967-4-23','YYYY-MM-DD'), 'Liechtenstein', TO_DATE('2008-11-24','YYYY-MM-DD') , 'PREPARADOR FÍSICO', 20006);
INSERT INTO asistente VALUES(30037, 'Ciro', 'Fernandez', 'Tejera', TO_DATE('1965-11-4','YYYY-MM-DD'), 'Grecia', TO_DATE('2016-5-2','YYYY-MM-DD') , 'MÉDICO', 20006);
INSERT INTO asistente VALUES(30038, 'Brandon', 'Pereyra', 'Farias', TO_DATE('1967-4-6','YYYY-MM-DD'), 'Groenlandia', TO_DATE('2016-5-6','YYYY-MM-DD') , 'PSICÓLOGO', 20006);
INSERT INTO asistente VALUES(30039, 'Joel', 'Fernandez', 'Pereyra', TO_DATE('1982-9-1','YYYY-MM-DD'), 'Polinesia Francesa', TO_DATE('2008-11-12','YYYY-MM-DD') , 'NUTRICIONISTA', 20006);
INSERT INTO asistente VALUES(30040, 'Omar', 'Guillama', 'Prats', TO_DATE('1975-2-24','YYYY-MM-DD'), 'Montserrat', TO_DATE('2017-11-17','YYYY-MM-DD') , 'ADMINISTRATIVO', 20006);
INSERT INTO asistente VALUES(30041, 'Miguel', 'Cobelli', 'Tejera', TO_DATE('1980-9-28','YYYY-MM-DD'), 'Francia', TO_DATE('2008-6-17','YYYY-MM-DD') , 'DELEGADO', 20006);
INSERT INTO asistente VALUES(30042, 'Alonso', 'Rocca', 'Carrizo', TO_DATE('1965-1-25','YYYY-MM-DD'), 'Islas Vírgenes', TO_DATE('2015-11-4','YYYY-MM-DD') , 'TÉCNICO', 20007);
INSERT INTO asistente VALUES(30043, 'Roberto', 'Haedo', 'Machado', TO_DATE('1969-5-24','YYYY-MM-DD'), 'Dhekelia', TO_DATE('2009-2-14','YYYY-MM-DD') , 'PREPARADOR FÍSICO', 20007);
INSERT INTO asistente VALUES(30044, 'Julio', 'Tomasini', 'De souza', TO_DATE('1971-2-1','YYYY-MM-DD'), 'Eritrea', TO_DATE('2015-1-11','YYYY-MM-DD') , 'MÉDICO', 20007);
INSERT INTO asistente VALUES(30045, 'Barad', 'Sanchez', 'Areco', TO_DATE('1975-2-24','YYYY-MM-DD'), 'España', TO_DATE('2015-9-28','YYYY-MM-DD') , 'PSICÓLOGO', 20007);
INSERT INTO asistente VALUES(30046, 'Bastian', 'Machado', 'Do canto', TO_DATE('1974-10-17','YYYY-MM-DD'), 'Nigeria', TO_DATE('2014-4-8','YYYY-MM-DD') , 'NUTRICIONISTA', 20007);
INSERT INTO asistente VALUES(30047, 'Leo', 'Severo', 'Armada', TO_DATE('1970-5-21','YYYY-MM-DD'), 'Uganda', TO_DATE('2015-6-23','YYYY-MM-DD') , 'ADMINISTRATIVO', 20007);
INSERT INTO asistente VALUES(30048, 'Barad', 'Ghazarian', 'Zugasti', TO_DATE('1971-8-9','YYYY-MM-DD'), 'Mónaco', TO_DATE('2013-9-18','YYYY-MM-DD') , 'DELEGADO', 20007);
INSERT INTO asistente VALUES(30049, 'Noah', 'Furtado', 'Goro', TO_DATE('1977-4-7','YYYY-MM-DD'), 'Canadá', TO_DATE('2015-5-28','YYYY-MM-DD') , 'TÉCNICO', 20008);
INSERT INTO asistente VALUES(30050, 'Thiago', 'Feijo', 'Antognazza', TO_DATE('1973-5-14','YYYY-MM-DD'), 'Islas Caimán', TO_DATE('2010-1-10','YYYY-MM-DD') , 'PREPARADOR FÍSICO', 20008);
INSERT INTO asistente VALUES(30051, 'Eloy', 'Pisano', 'Lucchelli', TO_DATE('1968-12-18','YYYY-MM-DD'), 'Antártida', TO_DATE('2013-5-2','YYYY-MM-DD') , 'MÉDICO', 20008);
INSERT INTO asistente VALUES(30052, 'Nil', 'Perez', 'Ceretta', TO_DATE('1978-7-19','YYYY-MM-DD'), 'Estados Unidos', TO_DATE('2010-11-11','YYYY-MM-DD') , 'PSICÓLOGO', 20008);
INSERT INTO asistente VALUES(30053, 'Sebastián', 'Martinez', 'Semblat', TO_DATE('1973-8-27','YYYY-MM-DD'), 'Mauricio', TO_DATE('2014-8-27','YYYY-MM-DD') , 'NUTRICIONISTA', 20008);
INSERT INTO asistente VALUES(30054, 'Darwin', 'Arguello', 'Ponseti', TO_DATE('1971-5-4','YYYY-MM-DD'), 'Albania', TO_DATE('2010-9-3','YYYY-MM-DD') , 'ADMINISTRATIVO', 20008);
INSERT INTO asistente VALUES(30055, 'Izan', 'Garat', 'Huidobro', TO_DATE('1964-3-5','YYYY-MM-DD'), 'Costa Rica', TO_DATE('2016-10-1','YYYY-MM-DD') , 'DELEGADO', 20008);
INSERT INTO asistente VALUES(30056, 'Yordani', 'Cuenca', 'Fredes', TO_DATE('1976-8-2','YYYY-MM-DD'), 'Southern Ocean', TO_DATE('2017-3-3','YYYY-MM-DD') , 'TÉCNICO', 20009);
INSERT INTO asistente VALUES(30057, 'Cristian', 'Castro', 'Martinez', TO_DATE('1963-5-25','YYYY-MM-DD'), 'Lituania', TO_DATE('2015-4-20','YYYY-MM-DD') , 'PREPARADOR FÍSICO', 20009);
INSERT INTO asistente VALUES(30058, 'Noah', 'Martinez', 'Madera', TO_DATE('1977-10-15','YYYY-MM-DD'), 'Estonia', TO_DATE('2014-12-27','YYYY-MM-DD') , 'MÉDICO', 20009);
INSERT INTO asistente VALUES(30059, 'Bruno', 'Garcen', 'Rubilar', TO_DATE('1974-2-15','YYYY-MM-DD'), 'Albania', TO_DATE('2011-2-14','YYYY-MM-DD') , 'PSICÓLOGO', 20009);
INSERT INTO asistente VALUES(30060, 'Omar', 'Grecco', 'Silver', TO_DATE('1969-3-12','YYYY-MM-DD'), 'Mauricio', TO_DATE('2008-9-27','YYYY-MM-DD') , 'NUTRICIONISTA', 20009);
INSERT INTO asistente VALUES(30061, 'Guido', 'Gonzalez', 'Buscasso', TO_DATE('1969-8-14','YYYY-MM-DD'), 'Haití', TO_DATE('2016-11-1','YYYY-MM-DD') , 'ADMINISTRATIVO', 20009);
INSERT INTO asistente VALUES(30062, 'Evan', 'Silveira', 'Figueroa', TO_DATE('1971-11-8','YYYY-MM-DD'), 'Islas Feroe', TO_DATE('2010-10-3','YYYY-MM-DD') , 'DELEGADO', 20009);
INSERT INTO asistente VALUES(30063, 'Trevor', 'Gil', 'Kasparian', TO_DATE('1982-3-20','YYYY-MM-DD'), 'Mauritania', TO_DATE('2016-9-5','YYYY-MM-DD') , 'TÉCNICO', 20010);
INSERT INTO asistente VALUES(30064, 'Alonso', 'Rocha', 'Donangelo', TO_DATE('1967-8-22','YYYY-MM-DD'), 'Santa Helena', TO_DATE('2010-7-7','YYYY-MM-DD') , 'PREPARADOR FÍSICO', 20010);
INSERT INTO asistente VALUES(30065, 'Kenay', 'Pereira', 'Costa', TO_DATE('1972-8-16','YYYY-MM-DD'), 'Islas Vírgenes', TO_DATE('2017-5-27','YYYY-MM-DD') , 'MÉDICO', 20010);
INSERT INTO asistente VALUES(30066, 'Nil', 'Balbuena', 'De nardo', TO_DATE('1968-11-4','YYYY-MM-DD'), 'Granada', TO_DATE('2009-5-4','YYYY-MM-DD') , 'PSICÓLOGO', 20010);
INSERT INTO asistente VALUES(30067, 'Ian', 'Blengio', 'Abella', TO_DATE('1968-3-20','YYYY-MM-DD'), 'República africana', TO_DATE('2013-5-6','YYYY-MM-DD') , 'NUTRICIONISTA', 20010);
INSERT INTO asistente VALUES(30068, 'Uriel', 'D`apolito', 'Galain', TO_DATE('1979-5-28','YYYY-MM-DD'), 'Navassa Island', TO_DATE('2010-9-27','YYYY-MM-DD') , 'ADMINISTRATIVO', 20010);
INSERT INTO asistente VALUES(30069, 'Otto', 'Badano', 'Apelian', TO_DATE('1982-6-24','YYYY-MM-DD'), 'Senegal', TO_DATE('2015-7-18','YYYY-MM-DD') , 'DELEGADO', 20010);
INSERT INTO asistente VALUES(30070, 'Jerald', 'Santos', 'Nocetti', TO_DATE('1981-7-10','YYYY-MM-DD'), 'Albania', TO_DATE('2009-6-2','YYYY-MM-DD') , 'TÉCNICO', 20011);
INSERT INTO asistente VALUES(30071, 'Kenay', 'Laneri', 'Lembo', TO_DATE('1972-2-15','YYYY-MM-DD'), 'Marruecos', TO_DATE('2011-12-17','YYYY-MM-DD') , 'PREPARADOR FÍSICO', 20011);
INSERT INTO asistente VALUES(30072, 'Sergio', 'Dominguez', 'Diaz', TO_DATE('1976-1-25','YYYY-MM-DD'), 'Bosnia y Hercegovina', TO_DATE('2014-3-22','YYYY-MM-DD') , 'MÉDICO', 20011);
INSERT INTO asistente VALUES(30073, 'Edric', 'Bello', 'Pereyra', TO_DATE('1982-7-13','YYYY-MM-DD'), 'Grecia', TO_DATE('2016-5-17','YYYY-MM-DD') , 'PSICÓLOGO', 20011);
INSERT INTO asistente VALUES(30074, 'Aarón', 'Carballo', 'Mazzeo', TO_DATE('1974-5-10','YYYY-MM-DD'), 'San Cristóbal', TO_DATE('2016-9-5','YYYY-MM-DD') , 'NUTRICIONISTA', 20011);
INSERT INTO asistente VALUES(30075, 'Yordani', 'Carballo', 'Couto', TO_DATE('1978-4-17','YYYY-MM-DD'), 'Ruanda', TO_DATE('2010-6-21','YYYY-MM-DD') , 'ADMINISTRATIVO', 20011);
INSERT INTO asistente VALUES(30076, 'Diego', 'Sander', 'De rossi', TO_DATE('1972-4-27','YYYY-MM-DD'), 'Islas Malvinas', TO_DATE('2008-7-22','YYYY-MM-DD') , 'DELEGADO', 20011);
INSERT INTO asistente VALUES(30077, 'Bastian', 'Sagasti', 'Sicco', TO_DATE('1982-2-5','YYYY-MM-DD'), 'Chipre', TO_DATE('2010-1-6','YYYY-MM-DD') , 'TÉCNICO', 20012);
INSERT INTO asistente VALUES(30078, 'Santiago', 'Oxley', 'Ramponi', TO_DATE('1981-9-10','YYYY-MM-DD'), 'Honduras', TO_DATE('2016-9-17','YYYY-MM-DD') , 'PREPARADOR FÍSICO', 20012);
INSERT INTO asistente VALUES(30079, 'Ízan', 'Amy', 'Lecchini', TO_DATE('1969-9-28','YYYY-MM-DD'), 'Reino Unido', TO_DATE('2009-3-28','YYYY-MM-DD') , 'MÉDICO', 20012);
INSERT INTO asistente VALUES(30080, 'Gael', 'Rocci', 'Campo', TO_DATE('1976-10-8','YYYY-MM-DD'), 'San Vicentes', TO_DATE('2016-1-4','YYYY-MM-DD') , 'PSICÓLOGO', 20012);
INSERT INTO asistente VALUES(30081, 'Nil', 'Obispo', 'Garrido', TO_DATE('1972-7-23','YYYY-MM-DD'), 'Costa Rica', TO_DATE('2011-6-8','YYYY-MM-DD') , 'NUTRICIONISTA', 20012);
INSERT INTO asistente VALUES(30082, 'Ariel', 'Delle piane', 'Da silva', TO_DATE('1972-12-1','YYYY-MM-DD'), 'Eritrea', TO_DATE('2011-11-11','YYYY-MM-DD') , 'ADMINISTRATIVO', 20012);
INSERT INTO asistente VALUES(30083, 'Gael', 'Silveira', 'Altman', TO_DATE('1980-9-26','YYYY-MM-DD'), 'Suecia', TO_DATE('2010-2-26','YYYY-MM-DD') , 'DELEGADO', 20012);
INSERT INTO asistente VALUES(30084, 'Carlos', 'Sencion', 'Benitez', TO_DATE('1981-9-2','YYYY-MM-DD'), 'Argentina', TO_DATE('2008-6-11','YYYY-MM-DD') , 'TÉCNICO', 20013);
INSERT INTO asistente VALUES(30085, 'Arturo', 'Francia', 'Sena', TO_DATE('1970-11-27','YYYY-MM-DD'), 'Islas Caimán', TO_DATE('2015-8-20','YYYY-MM-DD') , 'PREPARADOR FÍSICO', 20013);
INSERT INTO asistente VALUES(30086, 'Thiago', 'Vecchio', 'Pedreira', TO_DATE('1968-9-27','YYYY-MM-DD'), 'Islas Caimán', TO_DATE('2011-2-14','YYYY-MM-DD') , 'MÉDICO', 20013);
INSERT INTO asistente VALUES(30087, 'Emiliano', 'Toledo', 'Mauvezin', TO_DATE('1970-2-26','YYYY-MM-DD'), 'Surinam', TO_DATE('2012-5-19','YYYY-MM-DD') , 'PSICÓLOGO', 20013);
INSERT INTO asistente VALUES(30088, 'Noel', 'Mattos', 'Saliwonchik', TO_DATE('1969-3-27','YYYY-MM-DD'), 'Estados Unidos', TO_DATE('2015-3-4','YYYY-MM-DD') , 'NUTRICIONISTA', 20013);
INSERT INTO asistente VALUES(30089, 'Edgar', 'Laguna', 'Mazzei', TO_DATE('1974-12-24','YYYY-MM-DD'), 'Togo', TO_DATE('2010-1-1','YYYY-MM-DD') , 'ADMINISTRATIVO', 20013);
INSERT INTO asistente VALUES(30090, 'Ian', 'Martinez', 'Alexandrowic', TO_DATE('1977-4-25','YYYY-MM-DD'), 'España', TO_DATE('2010-3-27','YYYY-MM-DD') , 'DELEGADO', 20013);
INSERT INTO asistente VALUES(30091, 'Andry', 'Figueroa', 'Almeida', TO_DATE('1981-1-17','YYYY-MM-DD'), 'Clipperton Island', TO_DATE('2013-10-3','YYYY-MM-DD') , 'TÉCNICO', 20014);
INSERT INTO asistente VALUES(30092, 'Víctor', 'Velazquez', 'Balsemao', TO_DATE('1964-8-9','YYYY-MM-DD'), 'Botsuana', TO_DATE('2015-10-16','YYYY-MM-DD') , 'PREPARADOR FÍSICO', 20014);
INSERT INTO asistente VALUES(30093, 'Eloy', 'Acosta', 'Franco', TO_DATE('1969-11-23','YYYY-MM-DD'), 'Andorra', TO_DATE('2014-8-18','YYYY-MM-DD') , 'MÉDICO', 20014);
INSERT INTO asistente VALUES(30094, 'Mateo', 'Castro', 'Bianchinotti', TO_DATE('1976-2-27','YYYY-MM-DD'), 'Francia', TO_DATE('2008-8-7','YYYY-MM-DD') , 'PSICÓLOGO', 20014);
INSERT INTO asistente VALUES(30095, 'Ricardo', 'Pedreira', 'Peregalli', TO_DATE('1974-10-23','YYYY-MM-DD'), 'Cuba', TO_DATE('2015-3-10','YYYY-MM-DD') , 'NUTRICIONISTA', 20014);
INSERT INTO asistente VALUES(30096, 'Mirt', 'Pazos', 'Arismendi', TO_DATE('1971-8-15','YYYY-MM-DD'), 'Islas Vírgenes', TO_DATE('2010-11-9','YYYY-MM-DD') , 'ADMINISTRATIVO', 20014);
INSERT INTO asistente VALUES(30097, 'Eithan', 'Rodriguez', 'Canessa', TO_DATE('1982-5-13','YYYY-MM-DD'), 'Jamaica', TO_DATE('2017-5-16','YYYY-MM-DD') , 'DELEGADO', 20014);
INSERT INTO asistente VALUES(30098, 'Eric', 'Patron', 'Pastorino', TO_DATE('1970-8-2','YYYY-MM-DD'), 'Uruguay', TO_DATE('2013-3-24','YYYY-MM-DD') , 'TÉCNICO', 20015);
INSERT INTO asistente VALUES(30099, 'Ian', 'Gularte', 'Peña', TO_DATE('1981-10-13','YYYY-MM-DD'), 'Southern Ocean', TO_DATE('2012-9-1','YYYY-MM-DD') , 'PREPARADOR FÍSICO', 20015);
INSERT INTO asistente VALUES(30100, 'Leonardo', 'Orga', 'Bonomi', TO_DATE('1980-10-19','YYYY-MM-DD'), 'República Dominican', TO_DATE('2012-10-19','YYYY-MM-DD') , 'MÉDICO', 20015);
INSERT INTO asistente VALUES(30101, 'Ezequiel', 'Goldschmidt', 'Hourcade', TO_DATE('1967-7-8','YYYY-MM-DD'), 'Aruba', TO_DATE('2014-8-22','YYYY-MM-DD') , 'PSICÓLOGO', 20015);
INSERT INTO asistente VALUES(30102, 'Zigor', 'Patron', 'Costa', TO_DATE('1973-6-16','YYYY-MM-DD'), 'Gibraltar', TO_DATE('2011-2-3','YYYY-MM-DD') , 'NUTRICIONISTA', 20015);
INSERT INTO asistente VALUES(30103, 'Elián', 'Damino', 'Dibella', TO_DATE('1981-3-1','YYYY-MM-DD'), 'Sudán', TO_DATE('2013-12-18','YYYY-MM-DD') , 'ADMINISTRATIVO', 20015);
INSERT INTO asistente VALUES(30104, 'Andry', 'Vega', 'Orgaz', TO_DATE('1978-8-12','YYYY-MM-DD'), 'Americanas', TO_DATE('2015-10-10','YYYY-MM-DD') , 'DELEGADO', 20015);
INSERT INTO asistente VALUES(30105, 'Ariel', 'Rivero', 'Sosa', TO_DATE('1975-1-13','YYYY-MM-DD'), 'Nicaragua', TO_DATE('2011-2-23','YYYY-MM-DD') , 'TÉCNICO', 20016);
INSERT INTO asistente VALUES(30106, 'Milos', 'Fernandez', 'Nicolari', TO_DATE('1963-9-24','YYYY-MM-DD'), 'Anguila', TO_DATE('2013-2-7','YYYY-MM-DD') , 'PREPARADOR FÍSICO', 20016);
INSERT INTO asistente VALUES(30107, 'Bruno', 'Caceres', 'Diaz', TO_DATE('1981-4-7','YYYY-MM-DD'), 'Países Bajos', TO_DATE('2012-6-8','YYYY-MM-DD') , 'MÉDICO', 20016);
INSERT INTO asistente VALUES(30108, 'Bruno', 'Szalmian', 'Garcia', TO_DATE('1964-11-5','YYYY-MM-DD'), 'República Dominican', TO_DATE('2016-9-11','YYYY-MM-DD') , 'PSICÓLOGO', 20016);
INSERT INTO asistente VALUES(30109, 'Tiziano', 'Murieda', 'Lotito', TO_DATE('1972-7-28','YYYY-MM-DD'), 'México', TO_DATE('2017-11-3','YYYY-MM-DD') , 'NUTRICIONISTA', 20016);
INSERT INTO asistente VALUES(30110, 'Lucas', 'Marino', 'Ibarguren', TO_DATE('1982-11-11','YYYY-MM-DD'), 'Suazilandia', TO_DATE('2013-4-16','YYYY-MM-DD') , 'ADMINISTRATIVO', 20016);
INSERT INTO asistente VALUES(30111, 'Ángel', 'Ciardella', 'Massons', TO_DATE('1964-1-4','YYYY-MM-DD'), 'Tanzania', TO_DATE('2013-5-23','YYYY-MM-DD') , 'DELEGADO', 20016);
INSERT INTO asistente VALUES(30112, 'Diego', 'Viera', 'Rey', TO_DATE('1978-2-15','YYYY-MM-DD'), 'Akrotiri', TO_DATE('2010-10-3','YYYY-MM-DD') , 'TÉCNICO', 20017);
INSERT INTO asistente VALUES(30113, 'Guido', 'Serra', 'Calvo', TO_DATE('1980-7-15','YYYY-MM-DD'), 'Uganda', TO_DATE('2014-7-17','YYYY-MM-DD') , 'PREPARADOR FÍSICO', 20017);
INSERT INTO asistente VALUES(30114, 'Eloy', 'Morosoli', 'Macias', TO_DATE('1970-5-10','YYYY-MM-DD'), 'Portugal', TO_DATE('2014-10-28','YYYY-MM-DD') , 'MÉDICO', 20017);
INSERT INTO asistente VALUES(30115, 'Ciro', 'Silveira', 'Morin', TO_DATE('1969-4-24','YYYY-MM-DD'), 'República Congo', TO_DATE('2014-2-9','YYYY-MM-DD') , 'PSICÓLOGO', 20017);
INSERT INTO asistente VALUES(30116, 'Diego', 'Mayero', 'Irigoyen', TO_DATE('1969-7-21','YYYY-MM-DD'), 'Rusia', TO_DATE('2011-9-9','YYYY-MM-DD') , 'NUTRICIONISTA', 20017);
INSERT INTO asistente VALUES(30117, 'Barad', 'Nedor', 'Carrizo', TO_DATE('1966-12-24','YYYY-MM-DD'), 'Jamaica', TO_DATE('2013-4-16','YYYY-MM-DD') , 'ADMINISTRATIVO', 20017);
INSERT INTO asistente VALUES(30118, 'Sebastián', 'De mattos', 'Camejo', TO_DATE('1975-8-9','YYYY-MM-DD'), 'Luxemburgo', TO_DATE('2009-4-16','YYYY-MM-DD') , 'DELEGADO', 20017);
INSERT INTO asistente VALUES(30119, 'Guim', 'Bedat', 'Giglio', TO_DATE('1972-4-18','YYYY-MM-DD'), 'Venezuela', TO_DATE('2015-9-3','YYYY-MM-DD') , 'TÉCNICO', 20018);
INSERT INTO asistente VALUES(30120, 'Ciro', 'Aguilar', 'Fernandez', TO_DATE('1977-7-11','YYYY-MM-DD'), 'Rusia', TO_DATE('2010-9-13','YYYY-MM-DD') , 'PREPARADOR FÍSICO', 20018);
INSERT INTO asistente VALUES(30121, 'Santiago', 'Pareto', 'Ferreyra', TO_DATE('1976-9-25','YYYY-MM-DD'), 'Mayotte', TO_DATE('2016-9-25','YYYY-MM-DD') , 'MÉDICO', 20018);
INSERT INTO asistente VALUES(30122, 'Darwin', 'Carro', 'Escursell', TO_DATE('1976-12-16','YYYY-MM-DD'), 'Guinea', TO_DATE('2011-8-23','YYYY-MM-DD') , 'PSICÓLOGO', 20018);
INSERT INTO asistente VALUES(30123, 'Romeo', 'Zaballa', 'Cadiac', TO_DATE('1982-10-22','YYYY-MM-DD'), 'Mauritania', TO_DATE('2013-9-17','YYYY-MM-DD') , 'NUTRICIONISTA', 20018);
INSERT INTO asistente VALUES(30124, 'Ángel', 'Costa', 'Bugaiov', TO_DATE('1963-9-21','YYYY-MM-DD'), 'Santa Lucía', TO_DATE('2012-8-11','YYYY-MM-DD') , 'ADMINISTRATIVO', 20018);
INSERT INTO asistente VALUES(30125, 'Omar', 'Haedo', 'Braña', TO_DATE('1978-7-24','YYYY-MM-DD'), 'Granada', TO_DATE('2009-10-22','YYYY-MM-DD') , 'DELEGADO', 20018);
INSERT INTO asistente VALUES(30126, 'Romeo', 'Garcia', 'Arebalo', TO_DATE('1963-12-22','YYYY-MM-DD'), 'Estados Unidos', TO_DATE('2013-10-1','YYYY-MM-DD') , 'TÉCNICO', 20019);
INSERT INTO asistente VALUES(30127, 'Ian', 'Terrin', 'Andrade', TO_DATE('1978-8-18','YYYY-MM-DD'), 'Eritrea', TO_DATE('2012-9-11','YYYY-MM-DD') , 'PREPARADOR FÍSICO', 20019);
INSERT INTO asistente VALUES(30128, 'Sean', 'Musetti', 'Piriz', TO_DATE('1966-3-12','YYYY-MM-DD'), 'Bielorrusia', TO_DATE('2015-6-11','YYYY-MM-DD') , 'MÉDICO', 20019);
INSERT INTO asistente VALUES(30129, 'Mateo', 'Alonso', 'Alonso', TO_DATE('1980-4-24','YYYY-MM-DD'), 'Guinea-Bissau', TO_DATE('2008-4-14','YYYY-MM-DD') , 'PSICÓLOGO', 20019);
INSERT INTO asistente VALUES(30130, 'Alain', 'Martinez', 'Nasta', TO_DATE('1978-10-24','YYYY-MM-DD'), 'Ghana', TO_DATE('2015-1-20','YYYY-MM-DD') , 'NUTRICIONISTA', 20019);
INSERT INTO asistente VALUES(30131, 'Acfred', 'Mazzei', 'Bertola', TO_DATE('1967-12-15','YYYY-MM-DD'), 'Surinam', TO_DATE('2015-1-19','YYYY-MM-DD') , 'ADMINISTRATIVO', 20019);
INSERT INTO asistente VALUES(30132, 'Eithan', 'Carballo', 'Polla', TO_DATE('1965-12-22','YYYY-MM-DD'), 'Kenia', TO_DATE('2016-4-1','YYYY-MM-DD') , 'DELEGADO', 20019);
INSERT INTO asistente VALUES(30133, 'Habacuc', 'Pastorino', 'Pereira', TO_DATE('1974-8-13','YYYY-MM-DD'), 'Americanas', TO_DATE('2014-3-17','YYYY-MM-DD') , 'TÉCNICO', 20020);
INSERT INTO asistente VALUES(30134, 'Gael', 'Mariotta', 'Lopez', TO_DATE('1965-4-15','YYYY-MM-DD'), 'Macedonia', TO_DATE('2014-2-13','YYYY-MM-DD') , 'PREPARADOR FÍSICO', 20020);
INSERT INTO asistente VALUES(30135, 'Carlos', 'Campo', 'Buceta', TO_DATE('1979-11-27','YYYY-MM-DD'), 'Madagascar', TO_DATE('2016-9-9','YYYY-MM-DD') , 'MÉDICO', 20020);
INSERT INTO asistente VALUES(30136, 'Ariel', 'Maggiolo', 'Frascolla', TO_DATE('1974-11-3','YYYY-MM-DD'), 'Tanzania', TO_DATE('2012-4-5','YYYY-MM-DD') , 'PSICÓLOGO', 20020);
INSERT INTO asistente VALUES(30137, 'Gael', 'Hernandez', 'Cabral', TO_DATE('1968-10-24','YYYY-MM-DD'), 'Ecuador', TO_DATE('2013-4-5','YYYY-MM-DD') , 'NUTRICIONISTA', 20020);
INSERT INTO asistente VALUES(30138, 'Lucas', 'Suarez', 'Vila', TO_DATE('1978-1-4','YYYY-MM-DD'), 'Finlandia', TO_DATE('2017-10-19','YYYY-MM-DD') , 'ADMINISTRATIVO', 20020);
INSERT INTO asistente VALUES(30139, 'Enzo', 'Santillano', 'Echavarria', TO_DATE('1972-11-7','YYYY-MM-DD'), 'Islas Caimán', TO_DATE('2012-4-16','YYYY-MM-DD') , 'DELEGADO', 20020);
INSERT INTO asistente VALUES(30140, 'Ariel', 'Sopeña', 'Bounous', TO_DATE('1973-11-15','YYYY-MM-DD'), 'Bulgaria', TO_DATE('2012-3-12','YYYY-MM-DD') , 'TÉCNICO', 20021);
INSERT INTO asistente VALUES(30141, 'Trevor', 'Negrin', 'Estrade', TO_DATE('1973-1-8','YYYY-MM-DD'), 'Argentina', TO_DATE('2010-1-20','YYYY-MM-DD') , 'PREPARADOR FÍSICO', 20021);
INSERT INTO asistente VALUES(30142, 'Aitor', 'Brito', 'Cancela', TO_DATE('1967-2-2','YYYY-MM-DD'), 'Guinea-Bissau', TO_DATE('2012-7-9','YYYY-MM-DD') , 'MÉDICO', 20021);
INSERT INTO asistente VALUES(30143, 'Brandon', 'Esqueff', 'Borges', TO_DATE('1968-1-7','YYYY-MM-DD'), 'Mayotte', TO_DATE('2012-4-24','YYYY-MM-DD') , 'PSICÓLOGO', 20021);
INSERT INTO asistente VALUES(30144, 'Juan', 'Colombo', 'Haubman', TO_DATE('1968-7-22','YYYY-MM-DD'), 'Guernsey', TO_DATE('2015-3-14','YYYY-MM-DD') , 'NUTRICIONISTA', 20021);
INSERT INTO asistente VALUES(30145, 'Elroy', 'Rodriguez', 'Martinol', TO_DATE('1968-6-26','YYYY-MM-DD'), 'Namibia', TO_DATE('2015-12-15','YYYY-MM-DD') , 'ADMINISTRATIVO', 20021);
INSERT INTO asistente VALUES(30146, 'Brais', 'Mattos', 'Ihlenfeld', TO_DATE('1975-3-3','YYYY-MM-DD'), 'San Cristóbal', TO_DATE('2010-10-18','YYYY-MM-DD') , 'DELEGADO', 20021);
INSERT INTO asistente VALUES(30147, 'Bastian', 'Colombo', 'Larrosa', TO_DATE('1963-11-16','YYYY-MM-DD'), 'Senegal', TO_DATE('2008-5-15','YYYY-MM-DD') , 'TÉCNICO', 20022);
INSERT INTO asistente VALUES(30148, 'Fabricio', 'Martinez', 'Echeverria', TO_DATE('1971-12-4','YYYY-MM-DD'), 'Bosnia y Hercegovina', TO_DATE('2016-4-5','YYYY-MM-DD') , 'PREPARADOR FÍSICO', 20022);
INSERT INTO asistente VALUES(30149, 'Andry', 'Etchatz', 'Gomez', TO_DATE('1971-10-5','YYYY-MM-DD'), 'Benín', TO_DATE('2008-4-10','YYYY-MM-DD') , 'MÉDICO', 20022);
INSERT INTO asistente VALUES(30150, 'Darwin', 'Casas', 'Barrios', TO_DATE('1977-12-25','YYYY-MM-DD'), 'Luxemburgo', TO_DATE('2017-6-21','YYYY-MM-DD') , 'PSICÓLOGO', 20022);
INSERT INTO asistente VALUES(30151, 'Gael', 'Giuliani', 'Sanchis', TO_DATE('1976-2-2','YYYY-MM-DD'), 'Guernsey', TO_DATE('2017-10-1','YYYY-MM-DD') , 'NUTRICIONISTA', 20022);
INSERT INTO asistente VALUES(30152, 'Tiziano', 'Gerfauo', 'Pozzi', TO_DATE('1965-8-28','YYYY-MM-DD'), 'Santo Tomé', TO_DATE('2015-11-13','YYYY-MM-DD') , 'ADMINISTRATIVO', 20022);
INSERT INTO asistente VALUES(30153, 'Barad', 'Galan', 'Diaz', TO_DATE('1967-5-14','YYYY-MM-DD'), 'Ghana', TO_DATE('2015-10-17','YYYY-MM-DD') , 'DELEGADO', 20022);
INSERT INTO asistente VALUES(30154, 'Cristian', 'Pedreira', 'Medina', TO_DATE('1974-6-12','YYYY-MM-DD'), 'Argelia', TO_DATE('2016-11-13','YYYY-MM-DD') , 'TÉCNICO', 20023);
INSERT INTO asistente VALUES(30155, 'Lucho', 'Refresquini', 'Perez', TO_DATE('1973-5-23','YYYY-MM-DD'), 'Clipperton Island', TO_DATE('2016-10-19','YYYY-MM-DD') , 'PREPARADOR FÍSICO', 20023);
INSERT INTO asistente VALUES(30156, 'Andry', 'Bertola', 'Lopez', TO_DATE('1980-11-3','YYYY-MM-DD'), 'Eslovaquia', TO_DATE('2016-8-14','YYYY-MM-DD') , 'MÉDICO', 20023);
INSERT INTO asistente VALUES(30157, 'Yordani', 'Negrein', 'Marr', TO_DATE('1967-3-7','YYYY-MM-DD'), 'Guyana', TO_DATE('2008-2-11','YYYY-MM-DD') , 'PSICÓLOGO', 20023);
INSERT INTO asistente VALUES(30158, 'Alain', 'Ciardella', 'Fernandez', TO_DATE('1968-2-6','YYYY-MM-DD'), 'San Cristóbal', TO_DATE('2013-8-22','YYYY-MM-DD') , 'NUTRICIONISTA', 20023);
INSERT INTO asistente VALUES(30159, 'Eros', 'Correa', 'Rodriguez', TO_DATE('1975-9-16','YYYY-MM-DD'), 'Congo', TO_DATE('2009-9-20','YYYY-MM-DD') , 'ADMINISTRATIVO', 20023);
INSERT INTO asistente VALUES(30160, 'Yael', 'Arigon', 'Pumar', TO_DATE('1973-10-3','YYYY-MM-DD'), 'San Vicente', TO_DATE('2011-11-9','YYYY-MM-DD') , 'DELEGADO', 20023);
INSERT INTO asistente VALUES(30161, 'Elián', 'Martinez', 'Lopez', TO_DATE('1965-1-23','YYYY-MM-DD'), 'Bulgaria', TO_DATE('2009-6-7','YYYY-MM-DD') , 'TÉCNICO', 20024);
INSERT INTO asistente VALUES(30162, 'Marco', 'Otero', 'Garibaldi', TO_DATE('1964-11-25','YYYY-MM-DD'), 'Barbados', TO_DATE('2008-9-24','YYYY-MM-DD') , 'PREPARADOR FÍSICO', 20024);
INSERT INTO asistente VALUES(30163, 'Tiziano', 'Pastorini', 'Morosoli', TO_DATE('1963-2-16','YYYY-MM-DD'), 'Suecia', TO_DATE('2017-10-16','YYYY-MM-DD') , 'MÉDICO', 20024);
INSERT INTO asistente VALUES(30164, 'Dylan', 'Parada', 'Lupachina', TO_DATE('1980-11-21','YYYY-MM-DD'), 'Madagascar', TO_DATE('2016-2-27','YYYY-MM-DD') , 'PSICÓLOGO', 20024);
INSERT INTO asistente VALUES(30165, 'Eric', 'Souto', 'Nava', TO_DATE('1970-5-13','YYYY-MM-DD'), 'Uruguay', TO_DATE('2009-6-13','YYYY-MM-DD') , 'NUTRICIONISTA', 20024);
INSERT INTO asistente VALUES(30166, 'Aarón', 'Argento', 'Rocha', TO_DATE('1975-4-2','YYYY-MM-DD'), 'Guinea', TO_DATE('2016-5-27','YYYY-MM-DD') , 'ADMINISTRATIVO', 20024);
INSERT INTO asistente VALUES(30167, 'Nil', 'Arigon', 'Martinez', TO_DATE('1975-7-10','YYYY-MM-DD'), 'Islas Vírgenes', TO_DATE('2015-9-22','YYYY-MM-DD') , 'DELEGADO', 20024);
INSERT INTO asistente VALUES(30168, 'Aitor', 'Rovetta', 'Martinez', TO_DATE('1963-6-2','YYYY-MM-DD'), 'Chad', TO_DATE('2010-2-27','YYYY-MM-DD') , 'TÉCNICO', 20025);
INSERT INTO asistente VALUES(30169, 'Edgar', 'Trigo', 'Araujo', TO_DATE('1972-7-12','YYYY-MM-DD'), 'Santa Helena', TO_DATE('2011-1-6','YYYY-MM-DD') , 'PREPARADOR FÍSICO', 20025);
INSERT INTO asistente VALUES(30170, 'Gael', 'Cogo', 'Soto', TO_DATE('1973-6-17','YYYY-MM-DD'), 'Reino Unido', TO_DATE('2012-4-3','YYYY-MM-DD') , 'MÉDICO', 20025);
INSERT INTO asistente VALUES(30171, 'Saúl', 'Buroni', 'Costa', TO_DATE('1979-10-22','YYYY-MM-DD'), 'Montserrat', TO_DATE('2014-11-21','YYYY-MM-DD') , 'PSICÓLOGO', 20025);
INSERT INTO asistente VALUES(30172, 'Romeo', 'Do canto', 'Dulinskas', TO_DATE('1977-12-19','YYYY-MM-DD'), 'Rumania', TO_DATE('2017-10-10','YYYY-MM-DD') , 'NUTRICIONISTA', 20025);
INSERT INTO asistente VALUES(30173, 'Acfred', 'Aguilerra', 'Hirsz', TO_DATE('1965-12-28','YYYY-MM-DD'), 'Santa Lucía', TO_DATE('2010-3-24','YYYY-MM-DD') , 'ADMINISTRATIVO', 20025);
INSERT INTO asistente VALUES(30174, 'Ciro', 'Techera', 'Sosa', TO_DATE('1977-8-4','YYYY-MM-DD'), 'Malta', TO_DATE('2014-12-4','YYYY-MM-DD') , 'DELEGADO', 20025);
INSERT INTO asistente VALUES(30175, 'Thiago', 'Garrido', 'Benavidez', TO_DATE('1976-12-27','YYYY-MM-DD'), 'Portugal', TO_DATE('2014-2-9','YYYY-MM-DD') , 'TÉCNICO', 20026);
INSERT INTO asistente VALUES(30176, 'Iol', 'Iguini', 'Garcia', TO_DATE('1970-1-13','YYYY-MM-DD'), 'Níger', TO_DATE('2011-8-8','YYYY-MM-DD') , 'PREPARADOR FÍSICO', 20026);
INSERT INTO asistente VALUES(30177, 'Emiliano', 'Santa cruz', 'Puppo', TO_DATE('1964-4-9','YYYY-MM-DD'), 'República Checa', TO_DATE('2010-10-13','YYYY-MM-DD') , 'MÉDICO', 20026);
INSERT INTO asistente VALUES(30178, 'Sebastián', 'Cancela', 'Pereyra', TO_DATE('1975-4-23','YYYY-MM-DD'), 'Cuba', TO_DATE('2016-5-26','YYYY-MM-DD') , 'PSICÓLOGO', 20026);
INSERT INTO asistente VALUES(30179, 'Yordani', 'Saravia', 'Hermida', TO_DATE('1976-2-16','YYYY-MM-DD'), 'México', TO_DATE('2013-10-21','YYYY-MM-DD') , 'NUTRICIONISTA', 20026);
INSERT INTO asistente VALUES(30180, 'Aitor', 'Grau', 'Solari', TO_DATE('1979-11-23','YYYY-MM-DD'), 'Southern Ocean', TO_DATE('2017-11-8','YYYY-MM-DD') , 'ADMINISTRATIVO', 20026);
INSERT INTO asistente VALUES(30181, 'Mirt', 'Barrenechea', 'Duarte', TO_DATE('1964-2-24','YYYY-MM-DD'), 'Países Bajos', TO_DATE('2015-10-11','YYYY-MM-DD') , 'DELEGADO', 20026);
INSERT INTO asistente VALUES(30182, 'Guido', 'Irigoyen', 'Adipe', TO_DATE('1980-6-17','YYYY-MM-DD'), 'Cuba', TO_DATE('2012-7-8','YYYY-MM-DD') , 'TÉCNICO', 20027);
INSERT INTO asistente VALUES(30183, 'Elián', 'Castro', 'Rodriguez', TO_DATE('1980-10-15','YYYY-MM-DD'), 'Andorra', TO_DATE('2013-8-28','YYYY-MM-DD') , 'PREPARADOR FÍSICO', 20027);
INSERT INTO asistente VALUES(30184, 'Andrés', 'Martinez', 'Almandos', TO_DATE('1981-10-27','YYYY-MM-DD'), 'Anguila', TO_DATE('2011-6-23','YYYY-MM-DD') , 'MÉDICO', 20027);
INSERT INTO asistente VALUES(30185, 'Ricardo', 'Chango', 'Cuculie', TO_DATE('1977-8-8','YYYY-MM-DD'), 'Montserrat', TO_DATE('2014-6-1','YYYY-MM-DD') , 'PSICÓLOGO', 20027);
INSERT INTO asistente VALUES(30186, 'Mateo', 'Usoz', 'Paolino', TO_DATE('1964-11-27','YYYY-MM-DD'), 'México', TO_DATE('2013-8-4','YYYY-MM-DD') , 'NUTRICIONISTA', 20027);
INSERT INTO asistente VALUES(30187, 'Omar', 'Eula', 'Correa', TO_DATE('1963-12-28','YYYY-MM-DD'), 'Reino Unido', TO_DATE('2017-12-20','YYYY-MM-DD') , 'ADMINISTRATIVO', 20027);
INSERT INTO asistente VALUES(30188, 'Ezequiel', 'Belen', 'Garcia', TO_DATE('1966-12-15','YYYY-MM-DD'), 'San Marino', TO_DATE('2015-8-9','YYYY-MM-DD') , 'DELEGADO', 20027);
INSERT INTO asistente VALUES(30189, 'Adael', 'Rubilar', 'Mena', TO_DATE('1978-10-10','YYYY-MM-DD'), 'Estonia', TO_DATE('2016-7-3','YYYY-MM-DD') , 'TÉCNICO', 20028);
INSERT INTO asistente VALUES(30190, 'Jano', 'Fernadez', 'Gil', TO_DATE('1971-2-4','YYYY-MM-DD'), 'Isla Bouvet', TO_DATE('2017-9-23','YYYY-MM-DD') , 'PREPARADOR FÍSICO', 20028);
INSERT INTO asistente VALUES(30191, 'Andrés', 'Pardiñas', 'Texeira', TO_DATE('1963-10-1','YYYY-MM-DD'), 'Akrotiri', TO_DATE('2014-5-23','YYYY-MM-DD') , 'MÉDICO', 20028);
INSERT INTO asistente VALUES(30192, 'Sean', 'Mendez', 'Ojeda', TO_DATE('1973-4-18','YYYY-MM-DD'), 'San Cristóbal', TO_DATE('2015-3-8','YYYY-MM-DD') , 'PSICÓLOGO', 20028);
INSERT INTO asistente VALUES(30193, 'Sam', 'Tarrago', 'Melo', TO_DATE('1968-10-1','YYYY-MM-DD'), 'Islas Vírgenes', TO_DATE('2015-11-23','YYYY-MM-DD') , 'NUTRICIONISTA', 20028);
INSERT INTO asistente VALUES(30194, 'Elroy', 'Silveira', 'Ferreyra', TO_DATE('1980-4-14','YYYY-MM-DD'), 'Jamaica', TO_DATE('2015-10-6','YYYY-MM-DD') , 'ADMINISTRATIVO', 20028);
INSERT INTO asistente VALUES(30195, 'Ángel', 'Figueroa', 'Guimaraes', TO_DATE('1976-10-10','YYYY-MM-DD'), 'Perú', TO_DATE('2012-7-22','YYYY-MM-DD') , 'DELEGADO', 20028);
INSERT INTO asistente VALUES(30196, 'Roland', 'Steinberg', 'Melo', TO_DATE('1973-10-10','YYYY-MM-DD'), 'Islas Caimán', TO_DATE('2009-9-2','YYYY-MM-DD') , 'TÉCNICO', 20029);
INSERT INTO asistente VALUES(30197, 'Miguel', 'Vita', 'Gonzalez', TO_DATE('1969-8-3','YYYY-MM-DD'), 'Santa Helena', TO_DATE('2016-8-8','YYYY-MM-DD') , 'PREPARADOR FÍSICO', 20029);
INSERT INTO asistente VALUES(30198, 'Adael', 'Livia', 'Tajes', TO_DATE('1968-5-28','YYYY-MM-DD'), 'Etiopía', TO_DATE('2008-5-27','YYYY-MM-DD') , 'MÉDICO', 20029);
INSERT INTO asistente VALUES(30199, 'Izan', 'Gonzalez', 'Grecco', TO_DATE('1968-11-23','YYYY-MM-DD'), 'Mozambique', TO_DATE('2011-9-20','YYYY-MM-DD') , 'PSICÓLOGO', 20029);
INSERT INTO asistente VALUES(30200, 'Trevor', 'Lavista', 'Lopez', TO_DATE('1974-3-16','YYYY-MM-DD'), 'Costa de Marfil', TO_DATE('2016-10-14','YYYY-MM-DD') , 'NUTRICIONISTA', 20029);
INSERT INTO asistente VALUES(30201, 'Andry', 'Rodriguez', 'Santurio', TO_DATE('1980-6-20','YYYY-MM-DD'), 'Cuba', TO_DATE('2015-10-28','YYYY-MM-DD') , 'ADMINISTRATIVO', 20029);
INSERT INTO asistente VALUES(30202, 'Noah', 'Gonzalez', 'Puppo', TO_DATE('1965-5-20','YYYY-MM-DD'), 'Océano Indico', TO_DATE('2008-1-28','YYYY-MM-DD') , 'DELEGADO', 20029);
INSERT INTO asistente VALUES(30203, 'Uriel', 'Aguirre zabala', 'Goro', TO_DATE('1972-7-23','YYYY-MM-DD'), 'Togo', TO_DATE('2008-5-10','YYYY-MM-DD') , 'TÉCNICO', 20030);
INSERT INTO asistente VALUES(30204, 'Guim', 'Sosa', 'Laneri', TO_DATE('1966-11-21','YYYY-MM-DD'), 'Togo', TO_DATE('2014-10-7','YYYY-MM-DD') , 'PREPARADOR FÍSICO', 20030);
INSERT INTO asistente VALUES(30205, 'Santiago', 'Carrau', 'Raffo', TO_DATE('1967-8-1','YYYY-MM-DD'), 'Ruanda', TO_DATE('2008-8-23','YYYY-MM-DD') , 'MÉDICO', 20030);
INSERT INTO asistente VALUES(30206, 'Evan', 'Brambillasca', 'Zuñiga', TO_DATE('1977-12-23','YYYY-MM-DD'), 'Congo', TO_DATE('2011-4-19','YYYY-MM-DD') , 'PSICÓLOGO', 20030);
INSERT INTO asistente VALUES(30207, 'Adael', 'Goro', 'Rodriguez', TO_DATE('1971-2-12','YYYY-MM-DD'), 'Gaza Strip', TO_DATE('2011-10-3','YYYY-MM-DD') , 'NUTRICIONISTA', 20030);
INSERT INTO asistente VALUES(30208, 'Nil', 'Dáuria', 'Adipe', TO_DATE('1975-8-3','YYYY-MM-DD'), 'Libia', TO_DATE('2013-12-13','YYYY-MM-DD') , 'ADMINISTRATIVO', 20030);
INSERT INTO asistente VALUES(30209, 'Sam', 'Rodriguez', 'Torres', TO_DATE('1971-10-14','YYYY-MM-DD'), 'Wake Island', TO_DATE('2015-9-10','YYYY-MM-DD') , 'DELEGADO', 20030);
INSERT INTO asistente VALUES(30210, 'Ángel', 'Chiarla', 'Cutinella', TO_DATE('1982-3-12','YYYY-MM-DD'), 'Nicaragua', TO_DATE('2008-10-21','YYYY-MM-DD') , 'TÉCNICO', 20031);
INSERT INTO asistente VALUES(30211, 'Guido', 'Echavarren', 'Giambiassi', TO_DATE('1971-12-24','YYYY-MM-DD'), 'Moldavia', TO_DATE('2008-12-11','YYYY-MM-DD') , 'PREPARADOR FÍSICO', 20031);
INSERT INTO asistente VALUES(30212, 'Elroy', 'Martinez', 'Ramos', TO_DATE('1981-5-26','YYYY-MM-DD'), 'Moldavia', TO_DATE('2013-7-19','YYYY-MM-DD') , 'MÉDICO', 20031);
INSERT INTO asistente VALUES(30213, 'Izan', 'Marabotto', 'Echave', TO_DATE('1980-3-26','YYYY-MM-DD'), 'Burundi', TO_DATE('2015-2-15','YYYY-MM-DD') , 'PSICÓLOGO', 20031);
INSERT INTO asistente VALUES(30214, 'Leonardo', 'Otegui', 'Gomez', TO_DATE('1963-9-5','YYYY-MM-DD'), 'Marruecos', TO_DATE('2011-11-28','YYYY-MM-DD') , 'NUTRICIONISTA', 20031);
INSERT INTO asistente VALUES(30215, 'Ízan', 'Lopez', 'Quintela', TO_DATE('1972-3-3','YYYY-MM-DD'), 'Jamaica', TO_DATE('2013-2-26','YYYY-MM-DD') , 'ADMINISTRATIVO', 20031);
INSERT INTO asistente VALUES(30216, 'Mirt', 'Barreto', 'Obregon', TO_DATE('1978-4-25','YYYY-MM-DD'), 'Bosnia y Hercegovina', TO_DATE('2009-11-25','YYYY-MM-DD') , 'DELEGADO', 20031);



/*INSERTAR DATOS DE FEDERATIVOS*/
INSERT INTO federativo VALUES(40000, 'Eloy', 'Montaldo', 'Andrade', TO_DATE('1968-12-3','YYYY-MM-DD'), 'Ucrania', TO_DATE('2011-9-9','YYYY-MM-DD') , 'PRESIDENTE', 0);
INSERT INTO federativo VALUES(40001, 'Ariel', 'Berrueta', 'Prando', TO_DATE('1964-12-6','YYYY-MM-DD'), 'Jamaica', TO_DATE('2010-8-27','YYYY-MM-DD') , 'VICEPRESIDENTE', 0);
INSERT INTO federativo VALUES(40002, 'Nil', 'Ibañez', 'Obregon', TO_DATE('1972-2-22','YYYY-MM-DD'), 'Islandia', TO_DATE('2015-5-3','YYYY-MM-DD') , 'SECRETARIO', 0);
INSERT INTO federativo VALUES(40003, 'Ezequiel', 'Rodriguez', 'Martinez', TO_DATE('1972-1-5','YYYY-MM-DD'), 'Yibuti', TO_DATE('2013-4-1','YYYY-MM-DD') , 'TESORERO', 0);
INSERT INTO federativo VALUES(40004, 'Jano', 'Trigo', 'Bertoni', TO_DATE('1979-12-10','YYYY-MM-DD'), 'Canadá', TO_DATE('2009-9-10','YYYY-MM-DD') , 'FISCAL', 0);
INSERT INTO federativo VALUES(40005, 'Mateo', 'Laguardia', 'Martinez', TO_DATE('1963-3-13','YYYY-MM-DD'), 'Akrotiri', TO_DATE('2009-10-5','YYYY-MM-DD') , 'VOCAL', 0);
INSERT INTO federativo VALUES(40006, 'Mateo', 'Cabrera', 'Bartolote', TO_DATE('1982-1-21','YYYY-MM-DD'), 'República Checa', TO_DATE('2010-11-3','YYYY-MM-DD') , 'PRESIDENTE', 1);
INSERT INTO federativo VALUES(40007, 'Iol', 'Lourido', 'Lopez', TO_DATE('1963-11-4','YYYY-MM-DD'), 'Guyana', TO_DATE('2017-1-18','YYYY-MM-DD') , 'VICEPRESIDENTE', 1);
INSERT INTO federativo VALUES(40008, 'Guido', 'Alamada', 'Ferrando', TO_DATE('1980-4-15','YYYY-MM-DD'), 'Franceses', TO_DATE('2012-8-25','YYYY-MM-DD') , 'SECRETARIO', 1);
INSERT INTO federativo VALUES(40009, 'Areu', 'Mendoza', 'Arrarte', TO_DATE('1971-1-19','YYYY-MM-DD'), 'Territorios', TO_DATE('2009-3-25','YYYY-MM-DD') , 'TESORERO', 1);
INSERT INTO federativo VALUES(40010, 'Yordani', 'Balbi', 'Rodriguez', TO_DATE('1977-9-9','YYYY-MM-DD'), 'Chipre', TO_DATE('2009-2-27','YYYY-MM-DD') , 'FISCAL', 1);
INSERT INTO federativo VALUES(40011, 'Elián', 'Peluffo', 'Boschele', TO_DATE('1982-10-11','YYYY-MM-DD'), 'Eritrea', TO_DATE('2013-10-12','YYYY-MM-DD') , 'VOCAL', 1);
INSERT INTO federativo VALUES(40012, 'Santiago', 'Noya', 'Rodriguez', TO_DATE('1970-2-10','YYYY-MM-DD'), 'Bulgaria', TO_DATE('2017-1-7','YYYY-MM-DD') , 'PRESIDENTE', 2);
INSERT INTO federativo VALUES(40013, 'Brandon', 'Garrido', 'Dodera', TO_DATE('1967-2-9','YYYY-MM-DD'), 'Suiza', TO_DATE('2012-8-22','YYYY-MM-DD') , 'VICEPRESIDENTE', 2);
INSERT INTO federativo VALUES(40014, 'Bastian', 'Gutierrez', 'Penino', TO_DATE('1971-10-26','YYYY-MM-DD'), 'Santo Tomé', TO_DATE('2013-8-20','YYYY-MM-DD') , 'SECRETARIO', 2);
INSERT INTO federativo VALUES(40015, 'Gabriel', 'Gruss', 'Vila', TO_DATE('1974-8-13','YYYY-MM-DD'), 'Surinam', TO_DATE('2016-10-10','YYYY-MM-DD') , 'TESORERO', 2);
INSERT INTO federativo VALUES(40016, 'Jerald', 'Bianchinotti', 'Cerizola', TO_DATE('1973-1-2','YYYY-MM-DD'), 'Comoras', TO_DATE('2015-7-16','YYYY-MM-DD') , 'FISCAL', 2);
INSERT INTO federativo VALUES(40017, 'Alonso', 'Diaz', 'Salgado', TO_DATE('1966-3-20','YYYY-MM-DD'), 'Gabón', TO_DATE('2016-10-22','YYYY-MM-DD') , 'VOCAL', 2);
INSERT INTO federativo VALUES(40018, 'Guido', 'Ferreira', 'De abreu', TO_DATE('1970-5-12','YYYY-MM-DD'), 'Akrotiri', TO_DATE('2011-5-14','YYYY-MM-DD') , 'PRESIDENTE', 3);
INSERT INTO federativo VALUES(40019, 'Ciro', 'Nuñez', 'Deambrogio', TO_DATE('1981-7-2','YYYY-MM-DD'), 'Grecia', TO_DATE('2016-7-19','YYYY-MM-DD') , 'VICEPRESIDENTE', 3);
INSERT INTO federativo VALUES(40020, 'Leo', 'Ihlenfeld', 'Mayora', TO_DATE('1977-3-18','YYYY-MM-DD'), 'Zimbabue', TO_DATE('2008-1-13','YYYY-MM-DD') , 'SECRETARIO', 3);
INSERT INTO federativo VALUES(40021, 'Kenay', 'Morin', 'Barreneche', TO_DATE('1963-6-14','YYYY-MM-DD'), 'Austria', TO_DATE('2008-5-27','YYYY-MM-DD') , 'TESORERO', 3);
INSERT INTO federativo VALUES(40022, 'Cristian', 'Gonzalez', 'Gronros', TO_DATE('1979-6-7','YYYY-MM-DD'), 'Rusia', TO_DATE('2015-8-13','YYYY-MM-DD') , 'FISCAL', 3);
INSERT INTO federativo VALUES(40023, 'Marco', 'Murieda', 'Prates', TO_DATE('1976-9-26','YYYY-MM-DD'), 'Liechtenstein', TO_DATE('2015-4-28','YYYY-MM-DD') , 'VOCAL', 3);
INSERT INTO federativo VALUES(40024, 'Alonso', 'Rodriguez', 'Gonzalez', TO_DATE('1973-12-18','YYYY-MM-DD'), 'Svalbard', TO_DATE('2015-8-22','YYYY-MM-DD') , 'PRESIDENTE', 4);
INSERT INTO federativo VALUES(40025, 'Santiago', 'Ferrando', 'Novelli', TO_DATE('1975-1-10','YYYY-MM-DD'), 'Chad', TO_DATE('2014-6-15','YYYY-MM-DD') , 'VICEPRESIDENTE', 4);
INSERT INTO federativo VALUES(40026, 'Roland', 'Bonsignore', 'Scagnegatti', TO_DATE('1963-10-2','YYYY-MM-DD'), 'Túnez', TO_DATE('2010-4-8','YYYY-MM-DD') , 'SECRETARIO', 4);
INSERT INTO federativo VALUES(40027, 'Barad', 'Aillaume', 'Echenique', TO_DATE('1971-9-6','YYYY-MM-DD'), 'Neerlandesas', TO_DATE('2012-3-14','YYYY-MM-DD') , 'TESORERO', 4);
INSERT INTO federativo VALUES(40028, 'Sam', 'Muñiz', 'Busso', TO_DATE('1978-5-22','YYYY-MM-DD'), 'Santa Lucía', TO_DATE('2012-12-10','YYYY-MM-DD') , 'FISCAL', 4);
INSERT INTO federativo VALUES(40029, 'Leonardo', 'Perez', 'Gruss', TO_DATE('1976-8-25','YYYY-MM-DD'), 'Belice', TO_DATE('2016-7-17','YYYY-MM-DD') , 'VOCAL', 4);
INSERT INTO federativo VALUES(40030, 'Edgar', 'Mendoza', 'Arriondo', TO_DATE('1977-5-5','YYYY-MM-DD'), 'Isla Bouvet', TO_DATE('2014-8-22','YYYY-MM-DD') , 'PRESIDENTE', 5);
INSERT INTO federativo VALUES(40031, 'Nil', 'Montaño', 'Buceta', TO_DATE('1976-7-12','YYYY-MM-DD'), 'Honduras', TO_DATE('2009-10-16','YYYY-MM-DD') , 'VICEPRESIDENTE', 5);
INSERT INTO federativo VALUES(40032, 'Mario', 'Juri', 'Costa', TO_DATE('1976-6-16','YYYY-MM-DD'), 'Gaza Strip', TO_DATE('2009-2-25','YYYY-MM-DD') , 'SECRETARIO', 5);
INSERT INTO federativo VALUES(40033, 'Adael', 'Noguera', 'Alvarez', TO_DATE('1974-7-26','YYYY-MM-DD'), 'Sudán', TO_DATE('2008-4-10','YYYY-MM-DD') , 'TESORERO', 5);
INSERT INTO federativo VALUES(40034, 'Andrés', 'Ramirez', 'Melo', TO_DATE('1974-8-28','YYYY-MM-DD'), 'Ruanda', TO_DATE('2008-4-21','YYYY-MM-DD') , 'FISCAL', 5);
INSERT INTO federativo VALUES(40035, 'Sebastián', 'Artola', 'Andina', TO_DATE('1981-9-16','YYYY-MM-DD'), 'Aruba', TO_DATE('2015-7-2','YYYY-MM-DD') , 'VOCAL', 5);
INSERT INTO federativo VALUES(40036, 'Mario', 'Casal', 'Arebalo', TO_DATE('1972-4-27','YYYY-MM-DD'), 'Suecia', TO_DATE('2011-9-26','YYYY-MM-DD') , 'PRESIDENTE', 6);
INSERT INTO federativo VALUES(40037, 'Julio', 'Turnes', 'Navajas', TO_DATE('1972-6-16','YYYY-MM-DD'), 'Libia', TO_DATE('2014-11-23','YYYY-MM-DD') , 'VICEPRESIDENTE', 6);
INSERT INTO federativo VALUES(40038, 'Ricardo', 'Servetti', 'Berois', TO_DATE('1966-3-8','YYYY-MM-DD'), 'Uruguay', TO_DATE('2008-12-17','YYYY-MM-DD') , 'SECRETARIO', 6);
INSERT INTO federativo VALUES(40039, 'Carlos', 'Abella', 'Gallo', TO_DATE('1970-1-28','YYYY-MM-DD'), 'Mauricio', TO_DATE('2009-10-13','YYYY-MM-DD') , 'TESORERO', 6);
INSERT INTO federativo VALUES(40040, 'Mario', 'Cutinella', 'Pastorini', TO_DATE('1980-10-4','YYYY-MM-DD'), 'Bélgica', TO_DATE('2008-8-12','YYYY-MM-DD') , 'FISCAL', 6);
INSERT INTO federativo VALUES(40041, 'Mateo', 'Perez', 'Inda', TO_DATE('1967-5-19','YYYY-MM-DD'), 'Bolivia', TO_DATE('2010-7-23','YYYY-MM-DD') , 'VOCAL', 6);
INSERT INTO federativo VALUES(40042, 'Dylan', 'Barañano', 'Astraldi', TO_DATE('1972-8-28','YYYY-MM-DD'), 'Países Bajos', TO_DATE('2013-3-25','YYYY-MM-DD') , 'PRESIDENTE', 7);
INSERT INTO federativo VALUES(40043, 'Yordani', 'Canepa', 'Venturiello', TO_DATE('1964-5-20','YYYY-MM-DD'), 'Venezuela', TO_DATE('2012-5-4','YYYY-MM-DD') , 'VICEPRESIDENTE', 7);
INSERT INTO federativo VALUES(40044, 'Irvin', 'Castro', 'Abente', TO_DATE('1971-12-15','YYYY-MM-DD'), 'Dinamarca', TO_DATE('2010-2-9','YYYY-MM-DD') , 'SECRETARIO', 7);
INSERT INTO federativo VALUES(40045, 'Ian', 'Suarez', 'Silva', TO_DATE('1965-2-16','YYYY-MM-DD'), 'San Marino', TO_DATE('2008-3-5','YYYY-MM-DD') , 'TESORERO', 7);
INSERT INTO federativo VALUES(40046, 'Zigor', 'Aizpun', 'Amaral', TO_DATE('1982-6-13','YYYY-MM-DD'), 'Territorios', TO_DATE('2016-2-21','YYYY-MM-DD') , 'FISCAL', 7);
INSERT INTO federativo VALUES(40047, 'Ángel', 'Nicolini', 'Ignatencio', TO_DATE('1969-6-24','YYYY-MM-DD'), 'Territorio', TO_DATE('2015-5-17','YYYY-MM-DD') , 'VOCAL', 7);
INSERT INTO federativo VALUES(40048, 'Eithan', 'Ojeda', 'Rodriguez', TO_DATE('1978-5-14','YYYY-MM-DD'), 'Bolivia', TO_DATE('2015-11-7','YYYY-MM-DD') , 'PRESIDENTE', 8);
INSERT INTO federativo VALUES(40049, 'Lucas', 'Sanchez', 'Francia', TO_DATE('1979-8-7','YYYY-MM-DD'), 'Senegal', TO_DATE('2014-1-4','YYYY-MM-DD') , 'VICEPRESIDENTE', 8);
INSERT INTO federativo VALUES(40050, 'Santiago', 'Del puerto', 'Gonzalez', TO_DATE('1965-7-12','YYYY-MM-DD'), 'Islas Georgia', TO_DATE('2017-8-19','YYYY-MM-DD') , 'SECRETARIO', 8);
INSERT INTO federativo VALUES(40051, 'Guido', 'Silveira', 'Arrieta', TO_DATE('1974-5-4','YYYY-MM-DD'), 'Turquía', TO_DATE('2008-5-10','YYYY-MM-DD') , 'TESORERO', 8);
INSERT INTO federativo VALUES(40052, 'Bastian', 'Brusco', 'Hernandez', TO_DATE('1971-7-28','YYYY-MM-DD'), 'Venezuela', TO_DATE('2017-11-27','YYYY-MM-DD') , 'FISCAL', 8);
INSERT INTO federativo VALUES(40053, 'Uriel', 'Sopeña', 'Vilaro', TO_DATE('1977-7-27','YYYY-MM-DD'), 'Honduras', TO_DATE('2008-9-27','YYYY-MM-DD') , 'VOCAL', 8);
INSERT INTO federativo VALUES(40054, 'Guido', 'Ferrando', 'Canessa', TO_DATE('1966-2-10','YYYY-MM-DD'), 'Bélgica', TO_DATE('2017-3-14','YYYY-MM-DD') , 'PRESIDENTE', 9);
INSERT INTO federativo VALUES(40055, 'Otto', 'Galione', 'Pereyra', TO_DATE('1967-10-10','YYYY-MM-DD'), 'Argentina', TO_DATE('2016-10-10','YYYY-MM-DD') , 'VICEPRESIDENTE', 9);
INSERT INTO federativo VALUES(40056, 'Acfred', 'Lembo', 'Martinez', TO_DATE('1976-8-25','YYYY-MM-DD'), 'Bulgaria', TO_DATE('2008-6-10','YYYY-MM-DD') , 'SECRETARIO', 9);
INSERT INTO federativo VALUES(40057, 'Acfred', 'Corbi', 'Larrosa', TO_DATE('1963-4-12','YYYY-MM-DD'), 'Liberia', TO_DATE('2012-9-27','YYYY-MM-DD') , 'TESORERO', 9);
INSERT INTO federativo VALUES(40058, 'Enzo', 'Reyes', 'Da silva', TO_DATE('1980-8-6','YYYY-MM-DD'), 'Islas Caimán', TO_DATE('2016-4-15','YYYY-MM-DD') , 'FISCAL', 9);
INSERT INTO federativo VALUES(40059, 'Saúl', 'Tapia', 'Cacciante', TO_DATE('1965-1-15','YYYY-MM-DD'), 'Santa Helena', TO_DATE('2010-10-25','YYYY-MM-DD') , 'VOCAL', 9);
INSERT INTO federativo VALUES(40060, 'Eros', 'Frascolla', 'Massons', TO_DATE('1982-11-10','YYYY-MM-DD'), 'Islas Turcas', TO_DATE('2013-7-2','YYYY-MM-DD') , 'PRESIDENTE', 10);
INSERT INTO federativo VALUES(40061, 'Izan', 'Morosoli', 'Sposito', TO_DATE('1978-3-11','YYYY-MM-DD'), 'Guinea', TO_DATE('2009-2-15','YYYY-MM-DD') , 'VICEPRESIDENTE', 10);
INSERT INTO federativo VALUES(40062, 'Gael', 'Ferreira', 'Perez', TO_DATE('1963-2-3','YYYY-MM-DD'), 'Togo', TO_DATE('2013-12-1','YYYY-MM-DD') , 'SECRETARIO', 10);
INSERT INTO federativo VALUES(40063, 'Mario', 'Hermida', 'Clivio', TO_DATE('1970-9-14','YYYY-MM-DD'), 'Navassa Island', TO_DATE('2014-11-23','YYYY-MM-DD') , 'TESORERO', 10);
INSERT INTO federativo VALUES(40064, 'Darwin', 'Menendez', 'Schiavo', TO_DATE('1973-6-28','YYYY-MM-DD'), 'Egipto', TO_DATE('2013-2-11','YYYY-MM-DD') , 'FISCAL', 10);
INSERT INTO federativo VALUES(40065, 'Adael', 'Chalela', 'Fraigola', TO_DATE('1965-3-21','YYYY-MM-DD'), 'Italia', TO_DATE('2008-9-27','YYYY-MM-DD') , 'VOCAL', 10);
INSERT INTO federativo VALUES(40066, 'Ian', 'Tomasini', 'Nicolella', TO_DATE('1969-8-18','YYYY-MM-DD'), 'San Marino', TO_DATE('2008-6-26','YYYY-MM-DD') , 'PRESIDENTE', 11);
INSERT INTO federativo VALUES(40067, 'Aitor', 'Rodriguez', 'Arriondo', TO_DATE('1977-4-18','YYYY-MM-DD'), 'Cabo Verde', TO_DATE('2017-9-11','YYYY-MM-DD') , 'VICEPRESIDENTE', 11);
INSERT INTO federativo VALUES(40068, 'Santiago', 'Irazoqui', 'Deaces', TO_DATE('1979-6-26','YYYY-MM-DD'), 'Liberia', TO_DATE('2012-3-21','YYYY-MM-DD') , 'SECRETARIO', 11);
INSERT INTO federativo VALUES(40069, 'Milos', 'Alvarez', 'Fernandez', TO_DATE('1975-3-6','YYYY-MM-DD'), 'Dhekelia', TO_DATE('2008-2-21','YYYY-MM-DD') , 'TESORERO', 11);
INSERT INTO federativo VALUES(40070, 'Ian', 'Fernandez', 'Alzugaray', TO_DATE('1963-9-16','YYYY-MM-DD'), 'Níger', TO_DATE('2010-1-19','YYYY-MM-DD') , 'FISCAL', 11);
INSERT INTO federativo VALUES(40071, 'Ciro', 'Ottieri', 'Navajas', TO_DATE('1966-11-13','YYYY-MM-DD'), 'Americanas', TO_DATE('2016-10-3','YYYY-MM-DD') , 'VOCAL', 11);
INSERT INTO federativo VALUES(40072, 'Romeo', 'Torres', 'Bessonart', TO_DATE('1970-4-27','YYYY-MM-DD'), 'Macedonia', TO_DATE('2017-12-23','YYYY-MM-DD') , 'PRESIDENTE', 12);
INSERT INTO federativo VALUES(40073, 'Ángel', 'Delfino', 'Pessano', TO_DATE('1967-4-15','YYYY-MM-DD'), 'Noruega', TO_DATE('2015-1-6','YYYY-MM-DD') , 'VICEPRESIDENTE', 12);
INSERT INTO federativo VALUES(40074, 'Andrés', 'May', 'May', TO_DATE('1971-2-16','YYYY-MM-DD'), 'Burkina Faso', TO_DATE('2009-11-26','YYYY-MM-DD') , 'SECRETARIO', 12);
INSERT INTO federativo VALUES(40075, 'Eloy', 'Sena', 'Cetrangolo', TO_DATE('1966-8-17','YYYY-MM-DD'), 'Italia', TO_DATE('2010-8-24','YYYY-MM-DD') , 'TESORERO', 12);
INSERT INTO federativo VALUES(40076, 'Evan', 'Gabito', 'imperio', TO_DATE('1964-5-4','YYYY-MM-DD'), 'Gabón', TO_DATE('2016-6-20','YYYY-MM-DD') , 'FISCAL', 12);
INSERT INTO federativo VALUES(40077, 'Sergio', 'Mendez', 'Nava', TO_DATE('1976-11-25','YYYY-MM-DD'), 'Santa Lucía', TO_DATE('2014-7-6','YYYY-MM-DD') , 'VOCAL', 12);
INSERT INTO federativo VALUES(40078, 'Sam', 'Martinez', 'Sanchez', TO_DATE('1976-9-21','YYYY-MM-DD'), 'Mozambique', TO_DATE('2011-11-17','YYYY-MM-DD') , 'PRESIDENTE', 13);
INSERT INTO federativo VALUES(40079, 'Guido', 'Nicola', 'Fernandez', TO_DATE('1963-1-19','YYYY-MM-DD'), 'Uganda', TO_DATE('2016-8-25','YYYY-MM-DD') , 'VICEPRESIDENTE', 13);
INSERT INTO federativo VALUES(40080, 'Ezequiel', 'Demedici', 'Vazquez', TO_DATE('1981-5-22','YYYY-MM-DD'), 'Paraguay', TO_DATE('2014-12-28','YYYY-MM-DD') , 'SECRETARIO', 13);
INSERT INTO federativo VALUES(40081, 'Elián', 'Nuñez', 'Noguera', TO_DATE('1967-9-8','YYYY-MM-DD'), 'República africana', TO_DATE('2008-9-28','YYYY-MM-DD') , 'TESORERO', 13);
INSERT INTO federativo VALUES(40082, 'Elián', 'Carsoglio', 'Gonzalez', TO_DATE('1967-12-15','YYYY-MM-DD'), 'Islas Feroe', TO_DATE('2012-4-3','YYYY-MM-DD') , 'FISCAL', 13);
INSERT INTO federativo VALUES(40083, 'Sergio', 'Buschiazzo', 'Deaces', TO_DATE('1970-3-22','YYYY-MM-DD'), 'Belice', TO_DATE('2014-1-9','YYYY-MM-DD') , 'VOCAL', 13);
INSERT INTO federativo VALUES(40084, 'Yael', 'Rodriguez', 'Campari', TO_DATE('1982-1-25','YYYY-MM-DD'), 'Gibraltar', TO_DATE('2014-1-22','YYYY-MM-DD') , 'PRESIDENTE', 14);
INSERT INTO federativo VALUES(40085, 'Barad', 'Hernandez', 'Arezzo', TO_DATE('1969-12-23','YYYY-MM-DD'), 'Andorra', TO_DATE('2017-6-19','YYYY-MM-DD') , 'VICEPRESIDENTE', 14);
INSERT INTO federativo VALUES(40086, 'Aitor', 'Gonzalez', 'Sena', TO_DATE('1976-9-1','YYYY-MM-DD'), 'Isla Bouvet', TO_DATE('2013-9-10','YYYY-MM-DD') , 'SECRETARIO', 14);
INSERT INTO federativo VALUES(40087, 'Leo', 'Bonilla', 'Gonzalez', TO_DATE('1976-2-19','YYYY-MM-DD'), 'Rusia', TO_DATE('2015-6-23','YYYY-MM-DD') , 'TESORERO', 14);
INSERT INTO federativo VALUES(40088, 'Edric', 'Barreiro', 'Christiansen', TO_DATE('1979-2-15','YYYY-MM-DD'), 'Estonia', TO_DATE('2015-8-1','YYYY-MM-DD') , 'FISCAL', 14);
INSERT INTO federativo VALUES(40089, 'Saúl', 'Badano', 'Varela', TO_DATE('1967-5-4','YYYY-MM-DD'), 'Luxemburgo', TO_DATE('2011-7-22','YYYY-MM-DD') , 'VOCAL', 14);
INSERT INTO federativo VALUES(40090, 'Lucho', 'Morales', 'Rodriguez', TO_DATE('1975-8-21','YYYY-MM-DD'), 'Uganda', TO_DATE('2010-9-28','YYYY-MM-DD') , 'PRESIDENTE', 15);
INSERT INTO federativo VALUES(40091, 'Aarón', 'Escursell', 'Grippi', TO_DATE('1967-10-28','YYYY-MM-DD'), 'Burundi', TO_DATE('2014-11-25','YYYY-MM-DD') , 'VICEPRESIDENTE', 15);
INSERT INTO federativo VALUES(40092, 'Sergio', 'Rodriguez', 'Dengra', TO_DATE('1981-5-18','YYYY-MM-DD'), 'Trinidad y Tobago', TO_DATE('2016-3-7','YYYY-MM-DD') , 'SECRETARIO', 15);
INSERT INTO federativo VALUES(40093, 'Elián', 'Scagnegatti', 'Rodriguez', TO_DATE('1972-11-20','YYYY-MM-DD'), 'Egipto', TO_DATE('2008-5-7','YYYY-MM-DD') , 'TESORERO', 15);
INSERT INTO federativo VALUES(40094, 'Diego', 'Garcia', 'Valdivia', TO_DATE('1971-6-2','YYYY-MM-DD'), 'Macedonia', TO_DATE('2010-3-13','YYYY-MM-DD') , 'FISCAL', 15);
INSERT INTO federativo VALUES(40095, 'Yordani', 'Arismendi', 'Dodera', TO_DATE('1965-4-20','YYYY-MM-DD'), 'Gabón', TO_DATE('2016-2-15','YYYY-MM-DD') , 'VOCAL', 15);
INSERT INTO federativo VALUES(40096, 'Yordani', 'Rodriguez', 'imperio', TO_DATE('1963-7-1','YYYY-MM-DD'), 'Jamaica', TO_DATE('2015-10-6','YYYY-MM-DD') , 'PRESIDENTE', 16);
INSERT INTO federativo VALUES(40097, 'Saúl', 'Aizpun', 'Mendiola', TO_DATE('1975-7-9','YYYY-MM-DD'), 'Gabón', TO_DATE('2015-5-28','YYYY-MM-DD') , 'VICEPRESIDENTE', 16);
INSERT INTO federativo VALUES(40098, 'Aitor', 'Barboza', 'Albrieux', TO_DATE('1968-6-4','YYYY-MM-DD'), 'Luxemburgo', TO_DATE('2009-8-25','YYYY-MM-DD') , 'SECRETARIO', 16);
INSERT INTO federativo VALUES(40099, 'Nil', 'Medina', 'Viana', TO_DATE('1969-1-3','YYYY-MM-DD'), 'Lesoto', TO_DATE('2011-11-5','YYYY-MM-DD') , 'TESORERO', 16);
INSERT INTO federativo VALUES(40100, 'Cristian', 'Figueroa', 'Saint pasteurs', TO_DATE('1968-12-22','YYYY-MM-DD'), 'Territorios', TO_DATE('2016-11-28','YYYY-MM-DD') , 'FISCAL', 16);
INSERT INTO federativo VALUES(40101, 'Romeo', 'Panzardo', 'Hernandez', TO_DATE('1978-4-4','YYYY-MM-DD'), 'Anguila', TO_DATE('2011-6-5','YYYY-MM-DD') , 'VOCAL', 16);
INSERT INTO federativo VALUES(40102, 'Lucas', 'Armua', 'Francesch', TO_DATE('1969-8-13','YYYY-MM-DD'), 'Océano Indico', TO_DATE('2009-12-23','YYYY-MM-DD') , 'PRESIDENTE', 17);
INSERT INTO federativo VALUES(40103, 'Milos', 'Dahlquist', 'Benoit', TO_DATE('1970-3-3','YYYY-MM-DD'), 'Canadá', TO_DATE('2009-12-24','YYYY-MM-DD') , 'VICEPRESIDENTE', 17);
INSERT INTO federativo VALUES(40104, 'Evan', 'Silvera', 'Bianchimano', TO_DATE('1968-9-1','YYYY-MM-DD'), 'Dinamarca', TO_DATE('2014-10-1','YYYY-MM-DD') , 'SECRETARIO', 17);
INSERT INTO federativo VALUES(40105, 'Marco', 'Gonzalez', 'Santellano', TO_DATE('1965-12-17','YYYY-MM-DD'), 'Ecuador', TO_DATE('2010-6-21','YYYY-MM-DD') , 'TESORERO', 17);
INSERT INTO federativo VALUES(40106, 'Santiago', 'De nardo', 'Gutierrez', TO_DATE('1981-10-8','YYYY-MM-DD'), 'Bahamas', TO_DATE('2010-10-2','YYYY-MM-DD') , 'FISCAL', 17);
INSERT INTO federativo VALUES(40107, 'Lucho', 'Viñas', 'Silva', TO_DATE('1964-6-24','YYYY-MM-DD'), 'Sierra Leona', TO_DATE('2009-5-6','YYYY-MM-DD') , 'VOCAL', 17);
INSERT INTO federativo VALUES(40108, 'Guido', 'Danree', 'Torre', TO_DATE('1963-2-12','YYYY-MM-DD'), 'Tayikistán', TO_DATE('2011-1-4','YYYY-MM-DD') , 'PRESIDENTE', 18);
INSERT INTO federativo VALUES(40109, 'Uriel', 'Rosa', 'Ferreira', TO_DATE('1979-10-9','YYYY-MM-DD'), 'Rusia', TO_DATE('2017-6-17','YYYY-MM-DD') , 'VICEPRESIDENTE', 18);
INSERT INTO federativo VALUES(40110, 'Yordani', 'Olivera', 'Martinez', TO_DATE('1977-9-22','YYYY-MM-DD'), 'Togo', TO_DATE('2012-1-4','YYYY-MM-DD') , 'SECRETARIO', 18);
INSERT INTO federativo VALUES(40111, 'Kenay', 'Maio', 'Carnicelli', TO_DATE('1979-10-8','YYYY-MM-DD'), 'México', TO_DATE('2012-1-3','YYYY-MM-DD') , 'TESORERO', 18);
INSERT INTO federativo VALUES(40112, 'Sergio', 'Berriolo', 'Gonzalez', TO_DATE('1968-3-7','YYYY-MM-DD'), 'Congo', TO_DATE('2014-11-20','YYYY-MM-DD') , 'FISCAL', 18);
INSERT INTO federativo VALUES(40113, 'Aitor', 'Mosquera', 'Mariotta', TO_DATE('1973-1-2','YYYY-MM-DD'), 'Kenia', TO_DATE('2010-11-7','YYYY-MM-DD') , 'VOCAL', 18);
INSERT INTO federativo VALUES(40114, 'Darwin', 'Alonso', 'De nicola', TO_DATE('1966-10-7','YYYY-MM-DD'), 'Paraguay', TO_DATE('2008-12-23','YYYY-MM-DD') , 'PRESIDENTE', 19);
INSERT INTO federativo VALUES(40115, 'Juan', 'Macagno', 'Ferrari', TO_DATE('1977-10-15','YYYY-MM-DD'), 'Canadá', TO_DATE('2011-2-15','YYYY-MM-DD') , 'VICEPRESIDENTE', 19);
INSERT INTO federativo VALUES(40116, 'Ricardo', 'Soulage', 'Ghiggia', TO_DATE('1968-3-22','YYYY-MM-DD'), 'Polonia', TO_DATE('2013-1-17','YYYY-MM-DD') , 'SECRETARIO', 19);
INSERT INTO federativo VALUES(40117, 'Diego', 'Ibarguren', 'Cabrera', TO_DATE('1976-2-19','YYYY-MM-DD'), 'Islas Malvinas', TO_DATE('2010-3-21','YYYY-MM-DD') , 'TESORERO', 19);
INSERT INTO federativo VALUES(40118, 'Lucas', 'Laguardia', 'Calleros', TO_DATE('1973-10-20','YYYY-MM-DD'), 'Mónaco', TO_DATE('2016-4-28','YYYY-MM-DD') , 'FISCAL', 19);
INSERT INTO federativo VALUES(40119, 'Romeo', 'D`apolito', 'Rodriguez', TO_DATE('1963-8-24','YYYY-MM-DD'), 'Puerto Rico', TO_DATE('2008-12-3','YYYY-MM-DD') , 'VOCAL', 19);
INSERT INTO federativo VALUES(40120, 'Ciro', 'Castro', 'Nuñez', TO_DATE('1982-12-14','YYYY-MM-DD'), 'Surinam', TO_DATE('2016-1-7','YYYY-MM-DD') , 'PRESIDENTE', 20);
INSERT INTO federativo VALUES(40121, 'Lucas', 'Goñi', 'De las carreras', TO_DATE('1964-7-6','YYYY-MM-DD'), 'Sierra Leona', TO_DATE('2009-7-12','YYYY-MM-DD') , 'VICEPRESIDENTE', 20);
INSERT INTO federativo VALUES(40122, 'Emiliano', 'Soñora', 'Sonderegger', TO_DATE('1982-12-22','YYYY-MM-DD'), 'Suazilandia', TO_DATE('2017-10-28','YYYY-MM-DD') , 'SECRETARIO', 20);
INSERT INTO federativo VALUES(40123, 'Eloy', 'Rigali', 'Lopez', TO_DATE('1970-4-26','YYYY-MM-DD'), 'Nicaragua', TO_DATE('2014-5-17','YYYY-MM-DD') , 'TESORERO', 20);
INSERT INTO federativo VALUES(40124, 'Sam', 'Maine', 'Nieto', TO_DATE('1978-7-19','YYYY-MM-DD'), 'Granada', TO_DATE('2010-2-3','YYYY-MM-DD') , 'FISCAL', 20);
INSERT INTO federativo VALUES(40125, 'Bruno', 'Jimenez', 'Correa', TO_DATE('1977-6-21','YYYY-MM-DD'), 'Seychelles', TO_DATE('2009-3-4','YYYY-MM-DD') , 'VOCAL', 20);
INSERT INTO federativo VALUES(40126, 'Alain', 'Brum', 'Irigaray', TO_DATE('1971-3-18','YYYY-MM-DD'), 'Australes', TO_DATE('2012-10-4','YYYY-MM-DD') , 'PRESIDENTE', 21);
INSERT INTO federativo VALUES(40127, 'Eloy', 'Mauvezin', 'Larrosa', TO_DATE('1981-11-28','YYYY-MM-DD'), 'Suecia', TO_DATE('2013-5-19','YYYY-MM-DD') , 'VICEPRESIDENTE', 21);
INSERT INTO federativo VALUES(40128, 'Ezequiel', 'Salles', 'Gonzalez', TO_DATE('1965-2-8','YYYY-MM-DD'), 'Nicaragua', TO_DATE('2017-5-7','YYYY-MM-DD') , 'SECRETARIO', 21);
INSERT INTO federativo VALUES(40129, 'Lucas', 'Silvera', 'Lopez', TO_DATE('1973-9-17','YYYY-MM-DD'), 'Santa Lucía', TO_DATE('2014-5-9','YYYY-MM-DD') , 'TESORERO', 21);
INSERT INTO federativo VALUES(40130, 'Joel', 'Pichon', 'Fernandez', TO_DATE('1972-11-2','YYYY-MM-DD'), 'Somalia', TO_DATE('2014-7-3','YYYY-MM-DD') , 'FISCAL', 21);
INSERT INTO federativo VALUES(40131, 'Lucho', 'Firpi', 'Frey', TO_DATE('1967-8-7','YYYY-MM-DD'), 'Liechtenstein', TO_DATE('2014-10-26','YYYY-MM-DD') , 'VOCAL', 21);
INSERT INTO federativo VALUES(40132, 'Mirt', 'Brum', 'Pascal', TO_DATE('1972-1-1','YYYY-MM-DD'), 'Congo', TO_DATE('2011-4-27','YYYY-MM-DD') , 'PRESIDENTE', 22);
INSERT INTO federativo VALUES(40133, 'Brandon', 'Santos', 'Penino', TO_DATE('1980-7-12','YYYY-MM-DD'), 'Camerún', TO_DATE('2017-11-23','YYYY-MM-DD') , 'VICEPRESIDENTE', 22);
INSERT INTO federativo VALUES(40134, 'Jerald', 'Madera', 'Cabrera', TO_DATE('1972-1-11','YYYY-MM-DD'), 'Sudáfrica', TO_DATE('2010-1-21','YYYY-MM-DD') , 'SECRETARIO', 22);
INSERT INTO federativo VALUES(40135, 'Roland', 'Severgnini', 'Echeverria', TO_DATE('1963-3-10','YYYY-MM-DD'), 'Bulgaria', TO_DATE('2008-4-19','YYYY-MM-DD') , 'TESORERO', 22);
INSERT INTO federativo VALUES(40136, 'Eithan', 'Sanchez', 'Ferreira', TO_DATE('1968-6-15','YYYY-MM-DD'), 'Paraguay', TO_DATE('2016-10-18','YYYY-MM-DD') , 'FISCAL', 22);
INSERT INTO federativo VALUES(40137, 'Alonso', 'Barbot', 'De nardo', TO_DATE('1968-7-6','YYYY-MM-DD'), 'Guernsey', TO_DATE('2015-12-9','YYYY-MM-DD') , 'VOCAL', 22);
INSERT INTO federativo VALUES(40138, 'Cristian', 'Del puerto', 'Dominguez', TO_DATE('1964-6-18','YYYY-MM-DD'), 'Zimbabue', TO_DATE('2010-2-8','YYYY-MM-DD') , 'PRESIDENTE', 23);
INSERT INTO federativo VALUES(40139, 'Aitor', 'Raffo', 'Rodriguez', TO_DATE('1975-10-15','YYYY-MM-DD'), 'Países Bajos', TO_DATE('2011-10-18','YYYY-MM-DD') , 'VICEPRESIDENTE', 23);
INSERT INTO federativo VALUES(40140, 'Saúl', 'Etcheverry', 'Montenegro', TO_DATE('1968-12-5','YYYY-MM-DD'), 'Argentina', TO_DATE('2015-9-21','YYYY-MM-DD') , 'SECRETARIO', 23);
INSERT INTO federativo VALUES(40141, 'Ariel', 'Ferrari', 'Rey', TO_DATE('1974-4-1','YYYY-MM-DD'), 'Botsuana', TO_DATE('2012-10-9','YYYY-MM-DD') , 'TESORERO', 23);
INSERT INTO federativo VALUES(40142, 'Sergio', 'Salvo', 'Rodriguez', TO_DATE('1970-2-8','YYYY-MM-DD'), 'Bermudas', TO_DATE('2013-10-18','YYYY-MM-DD') , 'FISCAL', 23);
INSERT INTO federativo VALUES(40143, 'Andry', 'Generalli', 'Godiño', TO_DATE('1969-4-20','YYYY-MM-DD'), 'Alemania', TO_DATE('2015-9-27','YYYY-MM-DD') , 'VOCAL', 23);
INSERT INTO federativo VALUES(40144, 'Iol', 'Machado', 'Ochoa', TO_DATE('1964-1-15','YYYY-MM-DD'), 'Argentina', TO_DATE('2012-10-20','YYYY-MM-DD') , 'PRESIDENTE', 24);
INSERT INTO federativo VALUES(40145, 'Yordani', 'Cesconi', 'Wetherall', TO_DATE('1966-6-11','YYYY-MM-DD'), 'Islas Georgia', TO_DATE('2010-2-26','YYYY-MM-DD') , 'VICEPRESIDENTE', 24);
INSERT INTO federativo VALUES(40146, 'Sebastián', 'Lezama', 'Goldaracena', TO_DATE('1979-2-13','YYYY-MM-DD'), 'Ucrania', TO_DATE('2011-12-6','YYYY-MM-DD') , 'SECRETARIO', 24);
INSERT INTO federativo VALUES(40147, 'Brais', 'Costa', 'Farias', TO_DATE('1964-4-25','YYYY-MM-DD'), 'Lituania', TO_DATE('2009-7-22','YYYY-MM-DD') , 'TESORERO', 24);
INSERT INTO federativo VALUES(40148, 'Gabriel', 'Varela', 'Cruz', TO_DATE('1975-10-28','YYYY-MM-DD'), 'Islas Malvinas', TO_DATE('2014-7-11','YYYY-MM-DD') , 'FISCAL', 24);
INSERT INTO federativo VALUES(40149, 'Evan', 'Gimenez', 'Novelli', TO_DATE('1973-11-26','YYYY-MM-DD'), 'República del Congo', TO_DATE('2011-4-19','YYYY-MM-DD') , 'VOCAL', 24);
INSERT INTO federativo VALUES(40150, 'Fabricio', 'Villagran', 'Rodales', TO_DATE('1963-7-6','YYYY-MM-DD'), 'Haití', TO_DATE('2008-12-15','YYYY-MM-DD') , 'PRESIDENTE', 25);
INSERT INTO federativo VALUES(40151, 'Andrés', 'Ramos', 'Carsoglio', TO_DATE('1972-3-25','YYYY-MM-DD'), 'Perú', TO_DATE('2010-3-18','YYYY-MM-DD') , 'VICEPRESIDENTE', 25);
INSERT INTO federativo VALUES(40152, 'Cristian', 'Torre', 'Salvo', TO_DATE('1982-7-25','YYYY-MM-DD'), 'Mozambique', TO_DATE('2009-3-24','YYYY-MM-DD') , 'SECRETARIO', 25);
INSERT INTO federativo VALUES(40153, 'Areu', 'Real', 'Dutra', TO_DATE('1972-1-26','YYYY-MM-DD'), 'Guinea Ecuatorial', TO_DATE('2015-9-4','YYYY-MM-DD') , 'TESORERO', 25);
INSERT INTO federativo VALUES(40154, 'Sergio', 'Figueroa', 'Huelmos', TO_DATE('1970-7-18','YYYY-MM-DD'), 'Argentina', TO_DATE('2012-2-10','YYYY-MM-DD') , 'FISCAL', 25);
INSERT INTO federativo VALUES(40155, 'Cristian', 'Gonzalez', 'Lucia', TO_DATE('1979-12-4','YYYY-MM-DD'), 'Estonia', TO_DATE('2014-3-12','YYYY-MM-DD') , 'VOCAL', 25);
INSERT INTO federativo VALUES(40156, 'Alain', 'Cervetti', 'Gonzalez', TO_DATE('1977-8-2','YYYY-MM-DD'), 'Svalbard', TO_DATE('2010-1-27','YYYY-MM-DD') , 'PRESIDENTE', 26);
INSERT INTO federativo VALUES(40157, 'Dylan', 'Oliver', 'Mannocci', TO_DATE('1968-10-24','YYYY-MM-DD'), 'Sierra Leona', TO_DATE('2013-7-5','YYYY-MM-DD') , 'VICEPRESIDENTE', 26);
INSERT INTO federativo VALUES(40158, 'Leo', 'Ortigueira', 'Dalia', TO_DATE('1972-4-6','YYYY-MM-DD'), 'Chipre', TO_DATE('2016-5-4','YYYY-MM-DD') , 'SECRETARIO', 26);
INSERT INTO federativo VALUES(40159, 'Yordani', 'Irigoyen', 'Silveira', TO_DATE('1968-4-5','YYYY-MM-DD'), 'Antártida', TO_DATE('2016-3-25','YYYY-MM-DD') , 'TESORERO', 26);
INSERT INTO federativo VALUES(40160, 'Diego', 'Campo', 'Busso', TO_DATE('1981-8-1','YYYY-MM-DD'), 'Argentina', TO_DATE('2008-12-14','YYYY-MM-DD') , 'FISCAL', 26);
INSERT INTO federativo VALUES(40161, 'Fabricio', 'Pereyra', 'Acosta', TO_DATE('1963-12-22','YYYY-MM-DD'), 'Argelia', TO_DATE('2011-12-2','YYYY-MM-DD') , 'VOCAL', 26);
INSERT INTO federativo VALUES(40162, 'Irvin', 'Machado', 'Lopez', TO_DATE('1966-7-11','YYYY-MM-DD'), 'Isla Bouvet', TO_DATE('2009-9-20','YYYY-MM-DD') , 'PRESIDENTE', 27);
INSERT INTO federativo VALUES(40163, 'Lucas', 'Duarte', 'Otegui', TO_DATE('1964-7-23','YYYY-MM-DD'), 'Chipre', TO_DATE('2011-12-23','YYYY-MM-DD') , 'VICEPRESIDENTE', 27);
INSERT INTO federativo VALUES(40164, 'Ángel', 'Rivanera', 'Martinez', TO_DATE('1967-11-21','YYYY-MM-DD'), 'Madagascar', TO_DATE('2008-10-5','YYYY-MM-DD') , 'SECRETARIO', 27);
INSERT INTO federativo VALUES(40165, 'Tiziano', 'Dodera', 'Silva', TO_DATE('1972-7-1','YYYY-MM-DD'), 'Surinam', TO_DATE('2013-5-9','YYYY-MM-DD') , 'TESORERO', 27);
INSERT INTO federativo VALUES(40166, 'Alonso', 'Martinez', 'Cetrangolo', TO_DATE('1965-10-1','YYYY-MM-DD'), 'Túnez', TO_DATE('2017-4-1','YYYY-MM-DD') , 'FISCAL', 27);
INSERT INTO federativo VALUES(40167, 'Kenay', 'Araujo', 'Colotta', TO_DATE('1965-7-26','YYYY-MM-DD'), 'Mauritania', TO_DATE('2017-12-11','YYYY-MM-DD') , 'VOCAL', 27);
INSERT INTO federativo VALUES(40168, 'Zigor', 'Barrios', 'Acosta', TO_DATE('1963-6-28','YYYY-MM-DD'), 'Bulgaria', TO_DATE('2016-9-19','YYYY-MM-DD') , 'PRESIDENTE', 28);
INSERT INTO federativo VALUES(40169, 'Emiliano', 'Correa', 'Garibaldi', TO_DATE('1974-8-1','YYYY-MM-DD'), 'Croacia', TO_DATE('2012-2-5','YYYY-MM-DD') , 'VICEPRESIDENTE', 28);
INSERT INTO federativo VALUES(40170, 'Yael', 'Viana', 'Oxley', TO_DATE('1965-10-12','YYYY-MM-DD'), 'Svalbard', TO_DATE('2014-12-14','YYYY-MM-DD') , 'SECRETARIO', 28);
INSERT INTO federativo VALUES(40171, 'Noah', 'Carsoglio', 'Marini', TO_DATE('1981-8-20','YYYY-MM-DD'), 'Benín', TO_DATE('2009-1-14','YYYY-MM-DD') , 'TESORERO', 28);
INSERT INTO federativo VALUES(40172, 'Evan', 'Diaz', 'Rey', TO_DATE('1977-3-21','YYYY-MM-DD'), 'Namibia', TO_DATE('2008-9-2','YYYY-MM-DD') , 'FISCAL', 28);
INSERT INTO federativo VALUES(40173, 'Acfred', 'Macedo', 'Cerizola', TO_DATE('1973-11-2','YYYY-MM-DD'), 'Senegal', TO_DATE('2011-10-20','YYYY-MM-DD') , 'VOCAL', 28);
INSERT INTO federativo VALUES(40174, 'Izan', 'Gravier', 'Valdez', TO_DATE('1975-4-25','YYYY-MM-DD'), 'Letonia', TO_DATE('2016-3-7','YYYY-MM-DD') , 'PRESIDENTE', 29);
INSERT INTO federativo VALUES(40175, 'Aitor', 'Hermida', 'De la rosa', TO_DATE('1971-6-17','YYYY-MM-DD'), 'Australes', TO_DATE('2014-4-16','YYYY-MM-DD') , 'VICEPRESIDENTE', 29);
INSERT INTO federativo VALUES(40176, 'Elián', 'Silva', 'Hernandez', TO_DATE('1976-3-15','YYYY-MM-DD'), 'Malaui', TO_DATE('2010-7-8','YYYY-MM-DD') , 'SECRETARIO', 29);
INSERT INTO federativo VALUES(40177, 'Eloy', 'Albrieux', 'Cruz', TO_DATE('1963-12-26','YYYY-MM-DD'), 'Polonia', TO_DATE('2011-1-9','YYYY-MM-DD') , 'TESORERO', 29);
INSERT INTO federativo VALUES(40178, 'Mirt', 'Terrin', 'Hernandez', TO_DATE('1966-7-22','YYYY-MM-DD'), 'Egipto', TO_DATE('2012-10-6','YYYY-MM-DD') , 'FISCAL', 29);
INSERT INTO federativo VALUES(40179, 'Eric', 'Terrin', 'Gonzalez', TO_DATE('1972-12-21','YYYY-MM-DD'), 'Venezuela', TO_DATE('2013-6-20','YYYY-MM-DD') , 'VOCAL', 29);
INSERT INTO federativo VALUES(40180, 'Mirt', 'Guggeri', 'Vinciguerra', TO_DATE('1982-7-5','YYYY-MM-DD'), 'Gambia', TO_DATE('2008-12-15','YYYY-MM-DD') , 'PRESIDENTE', 30);
INSERT INTO federativo VALUES(40181, 'Iol', 'Otero', 'Miranda', TO_DATE('1975-11-3','YYYY-MM-DD'), 'República Dominican', TO_DATE('2008-8-27','YYYY-MM-DD') , 'VICEPRESIDENTE', 30);
INSERT INTO federativo VALUES(40182, 'Aitor', 'Rodriguez', 'Izquierdo', TO_DATE('1974-2-11','YYYY-MM-DD'), 'Groenlandia', TO_DATE('2017-6-28','YYYY-MM-DD') , 'SECRETARIO', 30);
INSERT INTO federativo VALUES(40183, 'Sebastián', 'Burgues', 'Martinez', TO_DATE('1964-5-19','YYYY-MM-DD'), 'Macedonia', TO_DATE('2015-6-2','YYYY-MM-DD') , 'TESORERO', 30);
INSERT INTO federativo VALUES(40184, 'Acfred', 'Morales', 'Artola', TO_DATE('1974-7-14','YYYY-MM-DD'), 'Surinam', TO_DATE('2017-11-18','YYYY-MM-DD') , 'FISCAL', 30);
INSERT INTO federativo VALUES(40185, 'Omar', 'Rodriguez', 'Martinez', TO_DATE('1968-11-6','YYYY-MM-DD'), 'Portugal', TO_DATE('2012-10-19','YYYY-MM-DD') , 'VOCAL', 30);
INSERT INTO federativo VALUES(40186, 'Roberto', 'Martino', 'Silva', TO_DATE('1975-3-6','YYYY-MM-DD'), 'Americanas', TO_DATE('2008-11-13','YYYY-MM-DD') , 'PRESIDENTE', 31);
INSERT INTO federativo VALUES(40187, 'Irvin', 'Baldovino', 'Martinez', TO_DATE('1963-10-25','YYYY-MM-DD'), 'Portugal', TO_DATE('2009-5-26','YYYY-MM-DD') , 'VICEPRESIDENTE', 31);
INSERT INTO federativo VALUES(40188, 'Sergio', 'Goldaracena', 'Gonzalez', TO_DATE('1978-9-8','YYYY-MM-DD'), 'Cuba', TO_DATE('2008-7-12','YYYY-MM-DD') , 'SECRETARIO', 31);
INSERT INTO federativo VALUES(40189, 'Eros', 'Gallo', 'Amaral', TO_DATE('1971-3-26','YYYY-MM-DD'), 'Egipto', TO_DATE('2014-1-16','YYYY-MM-DD') , 'TESORERO', 31);
INSERT INTO federativo VALUES(40190, 'Roland', 'Hackembruch', 'Scarone', TO_DATE('1964-11-2','YYYY-MM-DD'), 'Namibia', TO_DATE('2010-7-27','YYYY-MM-DD') , 'FISCAL', 31);
INSERT INTO federativo VALUES(40191, 'Yordani', 'Voarino', 'Silva', TO_DATE('1966-2-4','YYYY-MM-DD'), 'Bermudas', TO_DATE('2012-10-9','YYYY-MM-DD') , 'VOCAL', 31);



/*INSERTAR DATOS DE ALBITROS*/
INSERT INTO arbitro VALUES(50000, 'Bruno', 'Affonso', 'Fabbro', TO_DATE('1976-6-11', 'YYYY-MM-DD'), 'San Cristobal', TO_DATE('2013-11-26','YYYY-MM-DD'));
INSERT INTO arbitro VALUES(50001, 'Habacuc', 'Vellozo', 'Alba', TO_DATE('1967-7-9', 'YYYY-MM-DD'), 'Senegal', TO_DATE('2015-6-19','YYYY-MM-DD'));
INSERT INTO arbitro VALUES(50002, 'Yannick', 'Farias', 'Berrueta', TO_DATE('1967-7-13', 'YYYY-MM-DD'), 'Tayikist?n', TO_DATE('2011-12-14','YYYY-MM-DD'));
INSERT INTO arbitro VALUES(50003, 'Iol', 'Alboa', 'Vedain', TO_DATE('1971-5-22', 'YYYY-MM-DD'), 'Cuba', TO_DATE('2014-10-23','YYYY-MM-DD'));
INSERT INTO arbitro VALUES(50004, 'Marco', 'Iglesias', 'Mariotta', TO_DATE('1982-11-15', 'YYYY-MM-DD'), 'Bermudas', TO_DATE('2017-11-23','YYYY-MM-DD'));
INSERT INTO arbitro VALUES(50005, 'Eloy', 'Etulain', 'Alvarez', TO_DATE('1963-8-8', 'YYYY-MM-DD'), 'Hungr?a', TO_DATE('2016-1-4','YYYY-MM-DD'));
INSERT INTO arbitro VALUES(50006, 'Gabriel', 'Correa', 'Estape', TO_DATE('1976-11-7', 'YYYY-MM-DD'), 'Suazilandia', TO_DATE('2011-1-1','YYYY-MM-DD'));
INSERT INTO arbitro VALUES(50007, 'Elroy', 'Mourin', 'Almeida', TO_DATE('1963-10-13', 'YYYY-MM-DD'), 'Togo', TO_DATE('2013-3-1','YYYY-MM-DD'));
INSERT INTO arbitro VALUES(50008, 'Enzo', 'Garcia', 'Acuña', TO_DATE('1974-8-9', 'YYYY-MM-DD'), 'Pacific Ocean', TO_DATE('2012-12-15','YYYY-MM-DD'));
INSERT INTO arbitro VALUES(50009, 'Santiago', 'Carrizo', 'Cruz', TO_DATE('1982-2-5', 'YYYY-MM-DD'), 'Togo', TO_DATE('2017-6-16','YYYY-MM-DD'));
INSERT INTO arbitro VALUES(50010, 'Sam', 'Freire', 'Noceti', TO_DATE('1971-10-15', 'YYYY-MM-DD'), 'Marruecos', TO_DATE('2013-1-1','YYYY-MM-DD'));
INSERT INTO arbitro VALUES(50011, 'Emiliano', 'Farolini', 'Pellarolo', TO_DATE('1982-11-24', 'YYYY-MM-DD'), 'Gaza Strip', TO_DATE('2008-8-12','YYYY-MM-DD'));
INSERT INTO arbitro VALUES(50012, 'Sam', 'Zaballa', 'Carro', TO_DATE('1971-8-10', 'YYYY-MM-DD'), 'Ucrania', TO_DATE('2013-7-7','YYYY-MM-DD'));
INSERT INTO arbitro VALUES(50013, 'Julio', 'Bacci', 'Pardi?as', TO_DATE('1976-12-23', 'YYYY-MM-DD'), 'Costa de Marfil', TO_DATE('2016-7-7','YYYY-MM-DD'));
INSERT INTO arbitro VALUES(50014, 'Jano', 'Villarreal', 'Berdi?as', TO_DATE('1982-7-27', 'YYYY-MM-DD'), 'Dhekelia', TO_DATE('2012-8-3','YYYY-MM-DD'));
INSERT INTO arbitro VALUES(50015, 'Trevor', 'Lucchetti', 'Preza', TO_DATE('1966-5-8', 'YYYY-MM-DD'), 'Guinea', TO_DATE('2008-7-15','YYYY-MM-DD'));
INSERT INTO arbitro VALUES(50016, 'Roland', 'Formoso', 'Behrens', TO_DATE('1980-9-21', 'YYYY-MM-DD'), 'Gambia', TO_DATE('2015-2-6','YYYY-MM-DD'));
INSERT INTO arbitro VALUES(50017, 'Sebasti?n', 'Maggiolo', 'Salgado', TO_DATE('1980-5-6', 'YYYY-MM-DD'), 'Sud?n', TO_DATE('2013-12-6','YYYY-MM-DD'));
INSERT INTO arbitro VALUES(50018, 'Carlos', 'Martinez', 'Calandria', TO_DATE('1977-5-7', 'YYYY-MM-DD'), 'Costa Rica', TO_DATE('2010-9-21','YYYY-MM-DD'));
INSERT INTO arbitro VALUES(50019, 'Guido', 'Avero', 'Martinez', TO_DATE('1964-2-28', 'YYYY-MM-DD'), 'Honduras', TO_DATE('2009-5-12','YYYY-MM-DD'));



/*INSERTAR DATOS DE SEDE*/
INSERT INTO sede VALUES('San Petesburgo', 'Estadio Krestovski', 68134, 'https://www.google.co.cr/maps/place/St.+Petersburg+Stadium/@59.9730497,30.2180579,17z/data=!3m1!4b1!4m5!3m4!1s0x469636ecc0b23029:0x385942b59e488b88!8m2!3d59.973047!4d30.2202466');
INSERT INTO sede VALUES('Moscú', 'Estadio Olímpico Luzhnikí', 81500, 'https://www.google.co.cr/maps/place/Estadio+de+Loujniki/@55.715765,37.551527,17z/data=!3m1!4b1!4m5!3m4!1s0x46b54b8719336f0f:0x65b83e6741430782!8m2!3d55.715762!4d37.5537157');
INSERT INTO sede VALUES('Túshino, Moscú', 'Otkrytie Arena', 45360, 'https://www.google.co.cr/maps/place/Otkrytie+Arena/@55.8177978,37.4385126,17z/data=!3m1!4b1!4m5!3m4!1s0x46b54879fb49c793:0xfc3b0d63bfbcc532!8m2!3d55.8177948!4d37.4407013');
INSERT INTO sede VALUES('Kaliningrado', 'Arena Baltika', 45015, 'https://www.google.co.cr/maps/place/Kaliningrad+Stadium/@54.6981599,20.5316701,17z/data=!3m1!4b1!4m5!3m4!1s0x46e31668f0417d05:0xba56dc7ac1d5fd13!8m2!3d54.6981568!4d20.5338588');
INSERT INTO sede VALUES('Kazán', 'Kazán Arena', 45379, 'https://www.google.co.cr/maps/place/Kazan+Arena/@55.8209656,49.1584423,17z/data=!3m1!4b1!4m5!3m4!1s0x415eb2a3797cea25:0x3bbd6eea66b8a8b4!8m2!3d55.8209626!4d49.160631');
INSERT INTO sede VALUES('Ekaterimburgo', 'Estadio Central', 35000, 'https://www.google.com/maps/place/Estadio+Central/@56.8324898,60.5735848,15z/data=!4m5!3m4!1s0x0:0x85758898fe2ae44!8m2!3d56.8324898!4d60.5735848');
INSERT INTO sede VALUES('Samara', 'Kosmos Arena', 63000, 'https://www.google.co.cr/maps/place/%22Kosmos+Arena%22/@53.2779426,50.2353967,17z/data=!3m1!4b1!4m5!3m4!1s0x4166184dbd004203:0xed8086b3ea6f9942!8m2!3d53.2779394!4d50.2375854');
INSERT INTO sede VALUES('Saransk', 'Mordovia Arena', 45100, 'https://www.google.co.cr/maps/place/Mordovia+Arena/@54.1818701,45.2015223,17z/data=!3m1!4b1!4m5!3m4!1s0x414408f11a95ed59:0x324308f8be8215c2!8m2!3d54.181867!4d45.203711');
INSERT INTO sede VALUES('Rostov del Don', 'Rostov Arena', 43702, 'https://www.google.co.cr/maps/place/Rostov+Arena/@47.2099452,39.7353401,17z/data=!3m1!4b1!4m5!3m4!1s0x40e3b97ccdbbea2f:0x6701b2a5e6851845!8m2!3d47.2099416!4d39.7375288');
INSERT INTO sede VALUES('Sochi', 'Estadio Olímpico Fisht', 48000, 'https://www.google.co.cr/maps/place/Estadio+Ol%C3%ADmpico+de+Sochi/@43.4020153,39.9535202,17z/data=!3m1!4b1!4m5!3m4!1s0x40f5950ba45b45d7:0x9ec94ebaaff808cc!8m2!3d43.4020114!4d39.9557089');

